Asset ID,Asset Type,Floor,Room,Installation Date,Manufacturer,Operational Time (hrs),Work Orders,Repairs,Last Serviced Date,Failure_Probability,Predicted_Failure_Next_Month
1,Defibrillator,7,117,2021-01-24,Manufacturer_C,19783,6,5,2021-11-03,0.9698466572566201,1
2,IV Pump,6,172,2021-03-01,Manufacturer_B,19834,8,5,2022-06-15,0.9695752873369655,1
3,IV Pump,2,135,2022-10-30,Manufacturer_D,4363,1,2,2023-01-22,0.8855365229525074,1
4,Anesthesia Machine,3,109,2019-11-21,Manufacturer_C,24505,0,3,2020-01-24,0.4509374303646207,0
5,Hospital Bed,8,111,2023-05-09,Manufacturer_D,7038,3,2,2023-05-12,0.8265441173026552,1
6,Hospital Bed,1,106,2021-08-09,Manufacturer_B,19085,8,2,2023-03-31,0.34952526939904666,0
7,Ultrasound,5,176,2021-10-17,Manufacturer_D,16305,7,5,2022-01-02,0.9837122965575733,1
8,Anesthesia Machine,3,117,2018-10-03,Manufacturer_A,12725,4,3,2021-08-16,0.8740444952042742,1
9,Anesthesia Machine,9,167,2021-01-19,Manufacturer_D,11925,9,1,2021-07-28,0.32516229858065654,0
10,X-Ray Machine,4,107,2019-10-17,Manufacturer_B,18228,1,2,2022-11-07,0.38559401065204124,0
11,Anesthesia Machine,9,154,2022-01-12,Manufacturer_A,22243,9,5,2022-12-19,0.9536989792193102,1
12,MRI Machine,4,149,2022-03-20,Manufacturer_A,7388,4,1,2023-02-23,0.5229297682640877,0
13,IV Pump,6,166,2018-11-21,Manufacturer_D,23634,9,5,2019-03-19,0.941209638126127,1
14,Defibrillator,10,106,2022-05-17,Manufacturer_C,20157,10,5,2022-09-10,0.9678008930955345,1
15,IV Pump,9,126,2021-07-26,Manufacturer_B,4898,4,5,2023-03-11,0.997907781876843,1
16,X-Ray Machine,3,109,2019-02-12,Manufacturer_A,19418,3,5,2022-12-10,0.9717214673808892,1
17,Ultrasound,2,133,2021-10-21,Manufacturer_A,14178,1,0,2022-10-21,0.07280054233788623,0
18,Defibrillator,7,151,2020-08-13,Manufacturer_B,19549,7,0,2023-03-05,0.028819348745709482,0
19,IV Pump,5,195,2019-02-28,Manufacturer_C,21144,0,4,2019-07-01,0.8603429146666542,1
20,Ventilator,6,146,2019-09-12,Manufacturer_C,13586,8,1,2022-05-27,0.2628791205433822,0
21,MRI Machine,7,124,2023-07-15,Manufacturer_B,11935,2,2,2023-08-16,0.662438612808977,0
22,Ventilator,8,189,2022-05-19,Manufacturer_B,12801,6,5,2022-11-04,0.9913001717373552,1
23,MRI Machine,10,190,2019-05-05,Manufacturer_D,1504,4,5,2020-05-13,0.9988676185042495,1
24,Defibrillator,9,106,2021-04-26,Manufacturer_A,10376,7,2,2023-08-23,0.7224429202199103,0
25,Hospital Bed,9,131,2021-09-17,Manufacturer_A,25698,6,5,2023-05-15,0.9167716163732137,1
26,Ventilator,1,163,2020-09-24,Manufacturer_C,506,8,3,2023-09-10,0.9844927519854337,1
27,Ultrasound,6,153,2022-07-15,Manufacturer_A,4242,2,0,2023-05-12,0.3220380772085022,0
28,MRI Machine,2,176,2023-06-19,Manufacturer_B,17374,8,4,2023-09-15,0.9242203779108175,1
29,X-Ray Machine,9,164,2021-12-01,Manufacturer_D,8055,8,3,2022-01-09,0.9417627573048298,1
30,Defibrillator,3,195,2022-10-27,Manufacturer_B,3912,3,4,2023-05-08,0.992895674106318,1
31,Hospital Bed,2,133,2021-09-06,Manufacturer_D,16251,0,4,2021-09-08,0.9372955282920902,1
32,X-Ray Machine,6,186,2020-02-15,Manufacturer_B,9875,0,5,2021-04-25,0.9948612510309732,1
33,IV Pump,2,128,2019-03-16,Manufacturer_C,14975,6,1,2023-05-10,0.21709244099394978,0
34,X-Ray Machine,2,147,2021-06-07,Manufacturer_A,3182,1,3,2022-10-27,0.9750600942655058,1
35,MRI Machine,1,134,2021-01-03,Manufacturer_C,5402,7,4,2022-03-10,0.9907146677117866,1
36,Anesthesia Machine,7,120,2023-02-07,Manufacturer_A,12914,2,4,2023-05-26,0.9647397769764738,1
37,Hospital Bed,3,129,2022-12-15,Manufacturer_B,2571,2,1,2023-07-17,0.7240098857483646,0
38,IV Pump,6,100,2022-09-23,Manufacturer_C,1173,7,4,2023-04-15,0.9956625595008862,1
39,Defibrillator,9,108,2019-09-29,Manufacturer_D,24683,6,4,2019-11-11,0.7644096410310912,0
40,Hospital Bed,1,155,2021-04-11,Manufacturer_C,15327,8,1,2023-01-14,0.20644966608071733,0
41,MRI Machine,8,160,2023-08-22,Manufacturer_B,6720,6,0,2023-09-03,0.23266204824101602,0
42,Hospital Bed,4,115,2023-04-25,Manufacturer_C,4287,4,1,2023-05-25,0.6578136684822644,0
43,Ventilator,8,106,2020-11-29,Manufacturer_B,9559,5,4,2023-05-03,0.9804857060995125,1
44,X-Ray Machine,10,178,2020-06-19,Manufacturer_C,28045,7,2,2023-06-08,0.09583909809164193,0
45,Ultrasound,8,181,2019-05-13,Manufacturer_D,24348,10,4,2019-08-31,0.7751631523896543,0
46,X-Ray Machine,4,148,2021-11-22,Manufacturer_D,17123,8,1,2021-12-23,0.15818074603330012,0
47,X-Ray Machine,1,106,2023-06-05,Manufacturer_D,10764,8,1,2023-09-10,0.37289458326426456,0
48,Anesthesia Machine,6,131,2021-07-29,Manufacturer_A,16440,9,4,2022-03-18,0.9352527921087085,1
49,X-Ray Machine,7,155,2022-11-06,Manufacturer_C,3134,5,2,2023-08-15,0.9062416954527288,1
50,Ultrasound,2,176,2018-11-11,Manufacturer_D,4047,7,2,2020-07-23,0.8912123632637052,1
51,Ultrasound,10,113,2019-05-29,Manufacturer_B,3928,0,2,2023-08-13,0.8932849385446644,1
52,Hospital Bed,3,136,2021-01-07,Manufacturer_C,2857,2,1,2023-02-22,0.7135375735000123,0
53,MRI Machine,1,137,2022-04-09,Manufacturer_B,19319,7,4,2022-05-29,0.8955529743470678,1
54,Anesthesia Machine,9,190,2020-02-24,Manufacturer_D,23622,9,5,2021-11-03,0.9413298158347744,1
55,MRI Machine,5,122,2023-02-20,Manufacturer_D,6760,7,5,2023-07-01,0.9970708592838606,1
56,X-Ray Machine,6,186,2020-06-25,Manufacturer_B,26853,9,5,2020-07-15,0.8993504437618859,1
57,MRI Machine,4,179,2019-12-27,Manufacturer_D,21495,10,2,2022-04-13,0.2577441427409131,0
58,MRI Machine,2,167,2023-06-12,Manufacturer_C,20232,4,0,2023-08-04,0.02555091763816279,0
59,Defibrillator,3,161,2019-01-24,Manufacturer_A,7264,10,1,2021-04-20,0.528530853407501,0
60,Defibrillator,10,169,2022-05-11,Manufacturer_D,8639,7,3,2023-08-16,0.9356816195603052,1
61,Hospital Bed,9,144,2019-03-05,Manufacturer_C,23808,7,4,2021-10-11,0.7917532142136381,0
62,Ventilator,5,134,2023-01-05,Manufacturer_D,13989,4,2,2023-08-16,0.5749494712851989,0
63,X-Ray Machine,10,124,2021-10-02,Manufacturer_B,2698,2,1,2022-04-11,0.7193889141560099,0
64,Ultrasound,3,185,2019-06-07,Manufacturer_B,10954,8,5,2022-06-01,0.993758787320589,1
65,Hospital Bed,4,163,2019-03-08,Manufacturer_D,29581,1,2,2021-10-08,0.07428886343933062,0
66,Ventilator,3,198,2021-03-16,Manufacturer_C,28810,10,5,2022-03-21,0.8624149571523411,1
67,IV Pump,4,123,2023-08-24,Manufacturer_D,23183,3,4,2023-09-10,0.8098062980120463,1
68,IV Pump,6,174,2022-07-22,Manufacturer_A,24966,6,1,2023-07-12,0.04341024121829939,0
69,Hospital Bed,1,169,2020-04-18,Manufacturer_D,12725,4,4,2020-12-05,0.9658861492800764,1
70,Defibrillator,4,190,2020-01-24,Manufacturer_D,20639,9,0,2021-10-02,0.02377793811817849,0
71,IV Pump,9,148,2022-09-24,Manufacturer_C,15659,2,2,2023-06-23,0.4998834619240505,0
72,Anesthesia Machine,2,157,2018-09-25,Manufacturer_B,883,3,5,2021-09-19,0.998987986477859,1
73,Ventilator,1,149,2022-03-08,Manufacturer_B,1992,9,3,2022-05-30,0.9797989442612148,1
74,MRI Machine,2,124,2020-09-19,Manufacturer_B,9566,8,3,2021-10-20,0.9248046272559706,1
75,Ventilator,10,188,2021-09-11,Manufacturer_C,8943,5,4,2021-10-01,0.9825102630147388,1
76,Ultrasound,8,181,2019-08-13,Manufacturer_C,19299,4,0,2020-10-29,0.030114388821435224,0
77,IV Pump,2,180,2019-01-28,Manufacturer_A,12768,4,0,2019-04-02,0.0920374880568263,0
78,Hospital Bed,1,154,2019-01-24,Manufacturer_A,13558,2,3,2021-10-31,0.8564724034192422,1
79,Ultrasound,1,160,2019-12-13,Manufacturer_D,6877,10,4,2021-06-06,0.9879047907681424,1
80,Hospital Bed,3,191,2020-01-25,Manufacturer_D,11871,9,4,2020-11-07,0.9706323686742062,1
81,Ultrasound,7,152,2021-12-06,Manufacturer_D,20490,10,1,2022-02-22,0.09264163018050599,0
82,Ultrasound,8,103,2023-06-14,Manufacturer_D,9006,8,5,2023-07-04,0.9956064883288752,1
83,Anesthesia Machine,2,100,2023-06-30,Manufacturer_C,7388,6,5,2023-08-15,0.996719073479184,1
84,IV Pump,2,187,2023-06-24,Manufacturer_C,19684,3,4,2023-08-19,0.8892041268751105,1
85,Hospital Bed,7,153,2022-12-16,Manufacturer_C,6802,2,5,2023-05-06,0.9970485530723657,1
86,Ultrasound,10,193,2023-07-02,Manufacturer_D,2024,4,2,2023-08-11,0.9219884233934696,1
87,Anesthesia Machine,8,192,2021-01-15,Manufacturer_C,17629,6,1,2022-09-06,0.1463531715840999,0
88,Ultrasound,9,121,2023-05-15,Manufacturer_D,26265,3,4,2023-05-24,0.7089750382166222,0
89,Ultrasound,7,150,2021-08-29,Manufacturer_C,17327,6,2,2022-11-09,0.42491124125332147,0
90,Defibrillator,2,133,2020-10-07,Manufacturer_B,13872,8,1,2022-02-18,0.25296330478057494,0
91,Ventilator,4,146,2021-09-27,Manufacturer_C,7557,6,5,2022-01-23,0.9966174150011599,1
92,X-Ray Machine,8,147,2019-11-15,Manufacturer_C,6246,10,4,2023-05-19,0.9891972176914214,1
93,Ventilator,6,120,2022-01-19,Manufacturer_C,23589,0,2,2022-04-23,0.19199801465067082,0
94,X-Ray Machine,9,175,2021-05-11,Manufacturer_D,15182,9,1,2022-09-16,0.2107863730582822,0
95,Hospital Bed,9,190,2019-08-27,Manufacturer_B,25933,2,0,2022-11-24,0.009248497494981545,0
96,Defibrillator,2,148,2023-04-10,Manufacturer_A,14609,1,1,2023-06-12,0.22857304799524159,0
97,MRI Machine,1,185,2023-08-09,Manufacturer_D,13500,7,1,2023-09-02,0.2659092315615018,0
98,Ventilator,3,136,2020-01-22,Manufacturer_D,16349,9,0,2021-03-08,0.050318797324411794,0
99,IV Pump,6,150,2023-03-31,Manufacturer_D,15049,5,1,2023-05-14,0.21482255982953463,0
100,IV Pump,8,101,2021-11-23,Manufacturer_A,11415,4,4,2023-01-12,0.9728978093173936,1
101,IV Pump,6,194,2023-07-20,Manufacturer_A,26754,6,2,2023-09-10,0.11810940151611242,0
102,Ultrasound,2,174,2021-08-15,Manufacturer_D,18997,3,3,2021-12-25,0.6901788481475573,0
103,Ultrasound,8,186,2020-02-13,Manufacturer_D,15279,8,2,2020-03-07,0.5170871793803711,0
104,Ultrasound,5,151,2022-10-30,Manufacturer_A,974,1,5,2023-04-26,0.9989711817253522,1
105,Defibrillator,6,156,2022-02-16,Manufacturer_D,16636,7,4,2022-11-27,0.9330691027994124,1
106,IV Pump,6,176,2019-01-20,Manufacturer_B,16362,3,5,2022-02-10,0.983546016434041,1
107,Hospital Bed,10,195,2020-09-11,Manufacturer_B,21782,0,0,2021-10-30,0.019416970396315673,0
108,Ventilator,4,117,2019-11-12,Manufacturer_C,18844,3,1,2021-11-09,0.12093490758494119,0
109,Ultrasound,6,193,2019-09-07,Manufacturer_C,3083,3,0,2022-12-20,0.3694784841858069,0
110,Hospital Bed,6,193,2022-01-04,Manufacturer_C,24388,0,0,2022-12-31,0.012199236996294821,0
111,Defibrillator,10,138,2022-06-19,Manufacturer_B,24035,4,1,2023-05-10,0.05097897921886326,0
112,Defibrillator,9,137,2022-07-29,Manufacturer_C,20228,7,3,2022-10-01,0.6405944937857644,0
113,Ultrasound,8,112,2022-04-10,Manufacturer_A,29443,1,5,2022-05-04,0.848234283746308,1
114,Defibrillator,6,166,2022-09-10,Manufacturer_B,9523,6,2,2023-09-11,0.7523421129608548,0
115,Defibrillator,1,190,2019-06-16,Manufacturer_B,27085,8,4,2019-10-09,0.6774021413043816,0
116,Defibrillator,5,172,2019-12-07,Manufacturer_A,19751,2,0,2023-04-10,0.027812579289729782,0
117,Anesthesia Machine,3,114,2022-07-23,Manufacturer_C,14941,7,4,2023-07-28,0.9498786829788513,1
118,MRI Machine,7,148,2023-04-23,Manufacturer_A,22688,3,2,2023-06-07,0.21859845139340356,0
119,Defibrillator,2,157,2018-10-15,Manufacturer_A,17419,9,5,2022-01-13,0.98014235516494,1
120,Hospital Bed,3,178,2022-04-11,Manufacturer_A,13639,10,4,2022-07-01,0.9599887374057089,1
121,X-Ray Machine,9,174,2018-11-20,Manufacturer_D,12030,2,5,2020-09-22,0.9924256899512548,1
122,Anesthesia Machine,1,134,2022-09-01,Manufacturer_D,7094,3,3,2023-03-18,0.9506085419613626,1
123,Ultrasound,6,167,2021-04-25,Manufacturer_A,21562,10,1,2021-07-24,0.07755757763282808,0
124,Defibrillator,3,152,2019-12-14,Manufacturer_C,23131,9,5,2020-01-07,0.9460538095031489,1
125,IV Pump,10,188,2022-02-17,Manufacturer_B,28651,3,0,2022-10-26,0.005672704113419666,0
126,Ultrasound,2,120,2019-12-14,Manufacturer_D,9453,10,0,2021-08-09,0.15597904598753898,0
127,Ventilator,4,148,2021-03-22,Manufacturer_D,14126,7,3,2021-08-29,0.8433535419269373,1
128,Ultrasound,1,158,2023-03-29,Manufacturer_C,3243,9,3,2023-04-26,0.9747899447055212,1
129,Ventilator,2,117,2021-02-19,Manufacturer_A,14171,7,0,2023-06-30,0.07288618848120987,0
130,Defibrillator,7,198,2023-07-31,Manufacturer_A,8488,5,1,2023-09-11,0.47315220654304924,0
131,Anesthesia Machine,8,190,2022-05-18,Manufacturer_A,19839,1,1,2023-01-29,0.10304290964725639,0
132,Hospital Bed,5,189,2023-06-04,Manufacturer_D,21510,2,3,2023-07-21,0.5855734528125329,0
133,IV Pump,8,193,2022-03-09,Manufacturer_A,18555,1,4,2022-08-21,0.9078087918154785,1
134,Ultrasound,1,124,2020-10-08,Manufacturer_A,27441,5,0,2022-12-15,0.007053206908066902,0
135,Ultrasound,4,101,2020-08-31,Manufacturer_C,24597,5,0,2021-11-07,0.01175130091653469,0
136,Ultrasound,3,146,2020-08-11,Manufacturer_B,18670,7,5,2021-09-21,0.9752163529862777,1
137,X-Ray Machine,9,131,2019-01-26,Manufacturer_B,3403,0,4,2021-03-03,0.9935174204772219,1
138,IV Pump,9,142,2018-12-20,Manufacturer_C,9638,0,5,2021-01-24,0.9950761522286388,1
139,IV Pump,10,110,2020-09-10,Manufacturer_C,13478,8,2,2021-11-17,0.5974010610932823,0
140,Hospital Bed,5,172,2020-12-12,Manufacturer_C,7296,1,5,2023-06-25,0.9967731281486015,1
141,MRI Machine,9,138,2020-07-01,Manufacturer_A,18936,6,4,2022-05-15,0.9018672645176624,1
142,Ultrasound,10,109,2021-12-11,Manufacturer_A,16659,9,4,2023-02-25,0.932808416174123,1
143,Ventilator,5,180,2020-09-09,Manufacturer_B,25481,3,2,2023-07-09,0.14432317957741644,0
144,X-Ray Machine,3,181,2018-10-11,Manufacturer_D,9668,0,1,2018-12-09,0.4203673605290981,0
145,IV Pump,4,142,2020-07-25,Manufacturer_D,19062,4,3,2022-04-25,0.6876552429387415,0
146,Ventilator,6,168,2019-02-05,Manufacturer_B,8994,1,4,2022-01-20,0.9823507872915411,1
147,Hospital Bed,2,152,2019-05-29,Manufacturer_C,29735,4,5,2021-12-31,0.8412982565891066,1
148,Ultrasound,8,154,2021-04-29,Manufacturer_D,16382,1,5,2022-11-05,0.9834872778437113,1
149,Ventilator,2,137,2021-04-26,Manufacturer_C,5719,3,2,2023-09-14,0.8581833156213687,1
150,Hospital Bed,4,139,2023-03-07,Manufacturer_A,20785,10,1,2023-08-07,0.08824601852299853,0
151,Ultrasound,3,114,2019-11-16,Manufacturer_A,18115,0,5,2021-04-02,0.9775337826746809,1
152,Anesthesia Machine,4,163,2020-12-16,Manufacturer_C,25615,1,3,2022-09-19,0.4017993387978677,0
153,X-Ray Machine,1,165,2020-09-15,Manufacturer_A,9610,7,3,2022-09-12,0.9242484268843832,1
154,Ventilator,3,112,2019-01-18,Manufacturer_C,25861,3,4,2021-10-13,0.7238421370399731,0
155,IV Pump,8,134,2020-06-08,Manufacturer_C,8973,8,5,2021-01-02,0.9956325615079479,1
156,Anesthesia Machine,3,108,2020-05-16,Manufacturer_C,29377,1,1,2021-07-21,0.020000709839411823,0
157,MRI Machine,3,136,2021-08-21,Manufacturer_B,10820,7,0,2023-04-17,0.126076512003393,0
158,Ventilator,10,142,2022-09-14,Manufacturer_A,4491,8,2,2022-12-15,0.8831649824534186,1
159,MRI Machine,7,148,2023-01-10,Manufacturer_C,9186,4,3,2023-06-23,0.9294541287596623,1
160,Ultrasound,3,197,2020-03-12,Manufacturer_A,5096,2,2,2021-11-11,0.8713722040908414,1
161,X-Ray Machine,7,100,2020-10-27,Manufacturer_A,6524,0,1,2020-11-13,0.5617598199704966,0
162,Ultrasound,9,182,2019-10-15,Manufacturer_B,23585,10,0,2021-12-28,0.014082571189577583,0
163,Ultrasound,8,189,2021-12-24,Manufacturer_A,1076,3,5,2022-12-16,0.9989520140736499,1
164,Anesthesia Machine,1,100,2019-03-26,Manufacturer_D,6682,1,5,2019-05-07,0.9971118401000908,1
165,Ventilator,7,156,2020-01-21,Manufacturer_D,5995,4,4,2023-06-15,0.9896724773175589,1
166,Anesthesia Machine,10,164,2019-03-28,Manufacturer_C,16213,0,1,2019-10-27,0.1813883148419141,0
167,Ventilator,6,116,2019-06-24,Manufacturer_B,28111,7,5,2021-09-21,0.8767628983781164,1
168,X-Ray Machine,8,182,2018-10-12,Manufacturer_A,17609,2,0,2019-01-26,0.040464993773313446,0
169,Ventilator,5,182,2022-12-21,Manufacturer_A,7707,2,0,2023-01-14,0.2022731741704319,0
170,X-Ray Machine,7,136,2022-04-06,Manufacturer_B,25300,6,1,2023-05-20,0.04096587357696658,0
171,Ultrasound,9,125,2020-11-25,Manufacturer_D,19360,5,0,2023-07-07,0.02979329096188706,0
172,MRI Machine,6,189,2022-03-30,Manufacturer_B,25536,7,5,2022-05-07,0.9189837109706357,1
173,Hospital Bed,7,179,2021-01-30,Manufacturer_D,27664,9,0,2023-02-05,0.006775835014002916,0
174,IV Pump,3,115,2020-10-09,Manufacturer_D,11763,1,2,2023-04-12,0.6693707305457082,0
175,Ventilator,2,189,2019-07-21,Manufacturer_C,28725,5,4,2019-08-28,0.6093910309338885,0
176,Ultrasound,10,172,2019-08-05,Manufacturer_A,17169,7,4,2020-10-08,0.9267807939079119,1
177,Defibrillator,1,194,2022-06-26,Manufacturer_D,29620,0,2,2023-05-02,0.073804440823074,0
178,Ventilator,9,105,2019-01-25,Manufacturer_B,22250,10,2,2021-12-11,0.23245440433776118,0
179,MRI Machine,4,168,2022-12-05,Manufacturer_C,17613,8,4,2023-04-10,0.9211316855273497,1
180,X-Ray Machine,2,165,2019-07-04,Manufacturer_A,25184,8,0,2023-02-14,0.01057833629064148,0
181,Hospital Bed,8,175,2022-02-22,Manufacturer_A,6229,9,3,2022-03-11,0.9574677668081819,1
182,Ventilator,1,173,2020-02-16,Manufacturer_C,25756,2,2,2022-04-05,0.1382791184445131,0
183,X-Ray Machine,7,124,2021-09-14,Manufacturer_D,6256,1,1,2022-05-26,0.5736744079063907,0
184,Anesthesia Machine,3,125,2020-10-16,Manufacturer_D,11894,7,3,2023-01-28,0.88970663936673,1
185,X-Ray Machine,2,111,2022-11-20,Manufacturer_A,21551,8,1,2023-01-04,0.07770026598034446,0
186,Hospital Bed,6,108,2023-06-01,Manufacturer_A,5440,4,2,2023-09-09,0.8642241277304201,1
187,X-Ray Machine,1,192,2019-05-17,Manufacturer_A,4761,6,2,2021-05-20,0.8780224871496457,1
188,Ventilator,3,121,2022-05-19,Manufacturer_D,7873,9,5,2023-09-07,0.9964188353265121,1
189,X-Ray Machine,3,184,2022-02-20,Manufacturer_C,14890,6,0,2023-04-08,0.06455936322343085,0
190,X-Ray Machine,9,139,2021-11-27,Manufacturer_C,17593,10,4,2023-09-03,0.9213945054843837,1
191,Hospital Bed,7,178,2020-06-01,Manufacturer_A,17881,0,4,2022-03-02,0.9175316188138559,1
192,Ultrasound,9,125,2019-12-11,Manufacturer_B,15806,9,3,2020-12-01,0.7988372530939408,0
193,Hospital Bed,1,196,2019-05-07,Manufacturer_A,24082,4,0,2021-02-07,0.012885643747956853,0
194,IV Pump,6,111,2023-02-10,Manufacturer_A,22564,1,5,2023-08-28,0.9510622823261049,1
195,Anesthesia Machine,7,144,2019-09-13,Manufacturer_C,1519,5,2,2023-02-22,0.928319828783396,1
196,Ventilator,9,151,2019-09-01,Manufacturer_A,29850,1,1,2022-11-16,0.018388437012611503,0
197,Anesthesia Machine,3,164,2020-10-03,Manufacturer_D,7496,9,4,2021-11-17,0.9864888627672781,1
198,Ventilator,4,159,2020-04-28,Manufacturer_C,14138,3,2,2022-09-16,0.5683398540440313,0
199,MRI Machine,3,130,2022-07-27,Manufacturer_C,11071,8,3,2023-03-05,0.9035096900850578,1
200,Defibrillator,1,108,2018-12-08,Manufacturer_C,28289,5,2,2022-08-06,0.0920765228996832,0
201,Hospital Bed,6,178,2019-01-13,Manufacturer_D,10302,6,5,2020-12-21,0.9944502518209777,1
202,MRI Machine,2,193,2023-06-17,Manufacturer_D,14478,5,5,2023-08-25,0.9882479473671358,1
203,X-Ray Machine,6,148,2020-03-21,Manufacturer_C,5761,9,3,2022-09-16,0.9607896056138193,1
204,Ventilator,6,149,2018-10-09,Manufacturer_B,2247,7,0,2018-10-26,0.40540269925256617,0
205,Ventilator,7,169,2019-12-13,Manufacturer_D,24833,10,0,2021-08-15,0.01126501277444481,0
206,Ventilator,3,127,2023-09-06,Manufacturer_A,22516,5,5,2023-09-11,0.9514654240704765,1
207,Anesthesia Machine,7,183,2020-06-01,Manufacturer_B,25695,6,1,2020-12-19,0.03824502547230927,0
208,X-Ray Machine,3,197,2020-10-30,Manufacturer_A,16000,9,5,2023-08-10,0.9845743453081267,1
209,Anesthesia Machine,4,168,2023-08-11,Manufacturer_D,23478,6,0,2023-08-11,0.014354258489757037,0
210,Ultrasound,8,189,2022-05-19,Manufacturer_C,17396,9,2,2022-08-20,0.4218595836912645,0
211,Defibrillator,8,103,2021-08-25,Manufacturer_B,13161,10,0,2023-02-14,0.08625813651829908,0
212,IV Pump,3,142,2023-07-01,Manufacturer_C,23052,2,3,2023-07-17,0.5165800019314628,0
213,MRI Machine,7,104,2021-07-09,Manufacturer_D,22531,10,2,2022-02-02,0.22349565496669518,0
214,MRI Machine,10,142,2019-01-03,Manufacturer_A,9433,4,1,2023-01-25,0.4307743574104847,0
215,Hospital Bed,8,126,2019-06-09,Manufacturer_C,15134,7,2,2021-11-17,0.523643306425484,0
216,IV Pump,2,177,2022-02-20,Manufacturer_D,4838,9,4,2022-06-06,0.9916089724382148,1
217,Hospital Bed,7,196,2020-03-07,Manufacturer_C,5652,7,4,2021-06-22,0.9902886400715756,1
218,Ventilator,9,191,2020-05-28,Manufacturer_C,22541,10,2,2021-09-04,0.22318141453090243,0
219,Hospital Bed,4,175,2022-08-22,Manufacturer_B,22217,4,5,2023-01-30,0.9539065250585193,1
220,IV Pump,8,154,2022-01-16,Manufacturer_B,5868,9,5,2023-05-13,0.9975068426405194,1
221,Anesthesia Machine,6,188,2020-03-29,Manufacturer_C,23924,6,4,2021-10-10,0.7882670513968387,0
222,Anesthesia Machine,5,193,2019-02-28,Manufacturer_C,7328,0,5,2020-02-08,0.9967544279583439,1
223,X-Ray Machine,4,131,2018-11-01,Manufacturer_D,19089,6,4,2023-02-17,0.8993866959430332,1
224,MRI Machine,9,140,2020-01-12,Manufacturer_A,6786,7,1,2021-02-27,0.5500426141962889,0
225,MRI Machine,1,176,2019-12-18,Manufacturer_D,9208,9,2,2023-05-20,0.7628211005858129,0
226,X-Ray Machine,7,178,2020-04-16,Manufacturer_D,8721,9,3,2022-04-09,0.9347817994816742,1
227,IV Pump,5,185,2020-01-16,Manufacturer_D,7487,5,0,2023-01-07,0.20878057999853553,0
228,X-Ray Machine,5,125,2022-04-06,Manufacturer_B,25383,4,1,2022-11-14,0.04037918768105666,0
229,MRI Machine,8,112,2020-02-05,Manufacturer_B,19958,0,4,2020-03-26,0.8842184532920735,1
230,Ultrasound,5,188,2020-12-24,Manufacturer_C,13416,8,4,2022-01-10,0.9615119674629325,1
231,X-Ray Machine,1,142,2021-06-20,Manufacturer_A,28404,2,5,2023-07-06,0.8709119361607353,1
232,Anesthesia Machine,4,109,2022-04-07,Manufacturer_A,6735,0,3,2022-06-21,0.9535742022769846,1
233,MRI Machine,6,114,2022-07-01,Manufacturer_B,2423,8,2,2023-04-09,0.9166282036562499,1
234,IV Pump,10,158,2020-10-28,Manufacturer_B,29960,9,0,2023-07-08,0.004480449692936477,0
235,MRI Machine,3,184,2020-05-07,Manufacturer_A,22148,1,1,2022-08-06,0.0702950956566971,0
236,Hospital Bed,1,158,2021-05-03,Manufacturer_C,25355,6,0,2022-02-26,0.010258967706761013,0
237,X-Ray Machine,3,170,2020-04-09,Manufacturer_B,25292,5,0,2022-05-21,0.010375504229404532,0
238,MRI Machine,7,169,2023-06-18,Manufacturer_C,4369,4,5,2023-08-16,0.9980986171943865,1
239,Ultrasound,7,190,2019-12-29,Manufacturer_A,2263,2,1,2023-07-20,0.7350189259864169,0
240,Defibrillator,3,170,2019-02-06,Manufacturer_A,17199,7,5,2020-11-29,0.9809034128573014,1
241,MRI Machine,5,114,2023-01-26,Manufacturer_D,22228,1,4,2023-04-19,0.8350379318703895,1
242,Anesthesia Machine,10,132,2022-04-28,Manufacturer_D,15698,8,5,2022-10-19,0.9853836208981536,1
243,Ventilator,10,130,2021-01-13,Manufacturer_C,28165,1,2,2023-07-10,0.09397177144323467,0
244,Anesthesia Machine,7,142,2022-09-19,Manufacturer_C,25304,4,4,2022-09-28,0.7435510483373335,0
245,Anesthesia Machine,7,182,2019-05-30,Manufacturer_B,6672,0,5,2020-06-23,0.9971170525363102,1
246,Ultrasound,9,132,2021-11-14,Manufacturer_D,22852,7,4,2022-09-27,0.8188709306872516,1
247,IV Pump,10,176,2022-06-01,Manufacturer_D,27717,8,5,2022-12-26,0.884270169182465,1
248,Ventilator,1,174,2022-01-24,Manufacturer_C,6688,1,4,2022-05-14,0.9883071556019956,1
249,Defibrillator,2,151,2019-01-13,Manufacturer_C,13567,3,1,2021-03-11,0.2635466482458495,0
250,Ultrasound,10,134,2023-06-06,Manufacturer_D,19598,0,5,2023-07-16,0.9708114887123441,1
251,Hospital Bed,8,100,2020-03-04,Manufacturer_D,10292,1,5,2022-07-03,0.9944602410984894,1
252,Anesthesia Machine,9,160,2022-02-18,Manufacturer_D,19968,4,3,2023-05-16,0.6513656340449878,0
253,Anesthesia Machine,8,133,2021-06-20,Manufacturer_D,3296,3,3,2023-09-12,0.9745529119198086,1
254,Defibrillator,9,180,2021-11-02,Manufacturer_A,2893,6,0,2023-06-22,0.3775326734186693,0
255,IV Pump,3,142,2021-08-15,Manufacturer_B,28092,5,1,2022-11-22,0.02511164858140969,0
256,Ultrasound,5,141,2020-02-15,Manufacturer_C,19028,3,1,2023-01-08,0.11743574349603467,0
257,Hospital Bed,4,104,2022-03-16,Manufacturer_D,8068,1,0,2022-09-04,0.19192557377232325,0
258,Hospital Bed,10,196,2018-11-17,Manufacturer_B,21875,5,2,2020-11-30,0.24479500126823003,0
259,IV Pump,2,194,2022-11-07,Manufacturer_D,18526,0,1,2023-06-21,0.12719430983743388,0
260,MRI Machine,3,195,2020-05-19,Manufacturer_B,12407,0,1,2021-02-05,0.30630144308268775,0
261,Defibrillator,10,185,2021-12-08,Manufacturer_A,8036,7,2,2022-02-07,0.7990761868493556,0
262,MRI Machine,6,109,2023-01-11,Manufacturer_C,28542,0,5,2023-04-02,0.8680751326412238,1
263,Hospital Bed,1,119,2019-11-11,Manufacturer_A,7552,4,1,2022-01-09,0.5155132471703601,0
264,MRI Machine,1,134,2020-03-04,Manufacturer_D,7446,9,1,2020-05-23,0.5203078386225114,0
265,Ultrasound,8,115,2021-11-06,Manufacturer_A,27545,5,4,2021-12-21,0.658928776949318,0
266,X-Ray Machine,7,171,2019-05-03,Manufacturer_D,14705,2,3,2022-07-24,0.8289922809684576,1
267,Hospital Bed,1,145,2018-10-14,Manufacturer_C,15560,3,5,2020-03-10,0.985739358886084,1
268,Hospital Bed,1,142,2022-11-20,Manufacturer_B,3389,8,4,2023-06-14,0.9935337350079047,1
269,Anesthesia Machine,4,192,2021-04-16,Manufacturer_D,18536,4,1,2023-05-15,0.12699332716211253,0
270,Hospital Bed,8,180,2018-09-18,Manufacturer_C,27746,4,1,2021-03-23,0.026692715750185794,0
271,Anesthesia Machine,3,161,2022-08-04,Manufacturer_A,13348,4,2,2023-08-06,0.6030521684836107,0
272,X-Ray Machine,6,139,2018-12-26,Manufacturer_C,28319,9,0,2020-08-10,0.006022244629790579,0
273,Ultrasound,6,119,2019-02-22,Manufacturer_C,5688,6,4,2021-06-05,0.9902257183749805,1
274,Ultrasound,7,156,2018-11-05,Manufacturer_D,8458,6,1,2018-11-13,0.47450719719815826,0
275,Hospital Bed,7,135,2018-10-05,Manufacturer_C,5206,8,3,2019-01-07,0.9644067933335654,1
276,X-Ray Machine,4,188,2019-01-05,Manufacturer_C,17765,9,0,2020-12-12,0.03938181738295509,0
277,Anesthesia Machine,5,108,2022-12-28,Manufacturer_B,3081,8,3,2023-09-07,0.9755012008443407,1
278,Defibrillator,8,139,2023-06-03,Manufacturer_C,4423,5,0,2023-08-07,0.31492115536744775,0
279,Anesthesia Machine,8,157,2021-04-28,Manufacturer_B,10269,1,1,2023-08-13,0.3940919970653074,0
280,Anesthesia Machine,9,197,2019-11-10,Manufacturer_B,18963,5,0,2020-04-22,0.03194402771822493,0
281,Defibrillator,7,155,2021-02-18,Manufacturer_A,14594,9,2,2023-01-13,0.547969803744506,0
282,Ultrasound,2,128,2018-09-16,Manufacturer_C,3770,4,4,2023-03-14,0.9930748525565747,1
283,Hospital Bed,3,147,2020-08-17,Manufacturer_D,14280,7,5,2021-01-04,0.9886573264172386,1
284,Ultrasound,3,114,2023-05-22,Manufacturer_B,25526,2,4,2023-07-04,0.735807371461599,0
285,Anesthesia Machine,8,144,2020-08-22,Manufacturer_B,1251,9,4,2022-03-09,0.9956011052050179,1
286,IV Pump,2,139,2018-11-28,Manufacturer_A,4587,2,1,2022-04-26,0.6454773182658018,0
287,Ultrasound,5,140,2019-10-19,Manufacturer_A,8835,9,5,2020-11-14,0.9957399359873448,1
288,Ventilator,6,101,2020-06-30,Manufacturer_C,8110,6,5,2021-02-14,0.9962623153776872,1
289,X-Ray Machine,8,179,2023-04-14,Manufacturer_B,20741,10,1,2023-05-06,0.08888947269760522,0
290,MRI Machine,7,142,2023-03-22,Manufacturer_B,27917,8,0,2023-05-01,0.006474246722357953,0
291,Anesthesia Machine,5,119,2021-04-07,Manufacturer_C,19217,8,1,2021-11-15,0.11393321683824931,0
292,Ventilator,5,192,2019-04-03,Manufacturer_D,23767,10,2,2021-05-16,0.18704503613552403,0
293,Ventilator,4,168,2019-06-01,Manufacturer_C,25244,0,2,2023-05-12,0.14970682543377564,0
294,IV Pump,3,103,2020-10-31,Manufacturer_B,17691,1,4,2021-07-07,0.9200989943607072,1
295,Ultrasound,3,102,2018-12-06,Manufacturer_B,11577,0,1,2023-07-09,0.3391457267643657,0
296,Anesthesia Machine,7,159,2022-01-24,Manufacturer_A,22597,3,4,2022-10-31,0.82562217171886,1
297,IV Pump,5,184,2018-12-14,Manufacturer_C,8499,9,4,2020-09-10,0.98384012978361,1
298,Anesthesia Machine,2,105,2019-03-01,Manufacturer_A,10140,2,5,2020-01-23,0.9946098950392258,1
299,Ventilator,2,152,2021-10-14,Manufacturer_A,15927,6,4,2023-02-28,0.9406579993538321,1
300,Ultrasound,2,145,2019-10-16,Manufacturer_B,9171,8,1,2021-12-23,0.4424491678490978,0
301,Hospital Bed,5,129,2018-10-22,Manufacturer_D,29836,7,4,2018-11-23,0.5605716458741254,0
302,MRI Machine,8,113,2019-05-06,Manufacturer_C,28041,8,4,2022-09-03,0.6384557343682279,0
303,MRI Machine,10,177,2022-11-20,Manufacturer_B,10256,6,2,2023-05-13,0.7267809415973138,0
304,Ultrasound,7,137,2019-04-27,Manufacturer_D,11724,0,2,2021-02-17,0.6709325043439389,0
305,MRI Machine,1,188,2020-04-16,Manufacturer_D,2371,2,5,2021-07-05,0.9986752845632739,1
306,Ventilator,6,171,2023-03-05,Manufacturer_D,11202,8,0,2023-08-29,0.11864677411841992,0
307,MRI Machine,10,140,2021-05-10,Manufacturer_C,28984,2,4,2022-03-29,0.5981667244832892,0
308,MRI Machine,9,128,2021-04-19,Manufacturer_C,8116,5,4,2023-07-26,0.9849070180430263,1
309,Ventilator,1,113,2023-08-05,Manufacturer_A,9372,10,0,2023-09-03,0.15792065302836622,0
310,Hospital Bed,3,137,2022-06-01,Manufacturer_D,18299,0,1,2023-03-20,0.13183011813806433,0
311,Anesthesia Machine,2,146,2021-04-05,Manufacturer_D,21638,3,2,2023-03-02,0.25281916846857866,0
312,X-Ray Machine,8,124,2021-01-31,Manufacturer_D,9456,10,2,2021-07-09,0.7545967444337678,0
313,X-Ray Machine,8,139,2023-03-21,Manufacturer_A,11613,10,0,2023-05-02,0.11107914869519148,0
314,Defibrillator,8,117,2022-12-06,Manufacturer_B,8276,5,1,2023-09-04,0.4827348032282221,0
315,Ultrasound,3,177,2018-12-29,Manufacturer_D,26950,7,3,2019-01-25,0.34528621449331054,0
316,IV Pump,3,166,2020-10-18,Manufacturer_D,20958,7,3,2021-01-14,0.609615721213826,0
317,Ultrasound,9,101,2021-01-10,Manufacturer_D,17794,1,2,2022-12-26,0.40438028546240723,0
318,Hospital Bed,2,189,2020-12-31,Manufacturer_A,4819,10,4,2021-05-10,0.9916375642186996,1
319,Ventilator,9,159,2020-03-09,Manufacturer_C,16374,4,2,2021-02-10,0.46754647467108507,0
320,Defibrillator,1,122,2020-01-06,Manufacturer_D,16499,2,3,2022-09-08,0.7779047632767322,0
321,MRI Machine,5,162,2023-05-24,Manufacturer_D,1348,9,1,2023-08-03,0.7660250692545084,0
322,IV Pump,3,144,2019-12-31,Manufacturer_A,29089,6,4,2021-01-18,0.5935861203586141,0
323,Anesthesia Machine,7,106,2021-06-08,Manufacturer_B,8960,9,4,2021-09-02,0.9824572623272121,1
324,X-Ray Machine,7,169,2022-03-19,Manufacturer_B,5833,8,1,2022-10-06,0.5923020401309181,0
325,Ultrasound,1,160,2020-05-23,Manufacturer_A,16618,2,3,2022-02-03,0.7741578627276221,0
326,X-Ray Machine,5,125,2022-06-30,Manufacturer_A,25807,2,4,2023-03-08,0.7257933663436998,0
327,MRI Machine,9,101,2020-02-14,Manufacturer_C,5667,2,0,2021-11-26,0.26843506484336216,0
328,Ultrasound,10,103,2018-11-28,Manufacturer_C,17563,7,1,2019-09-18,0.1478532919142972,0
329,Anesthesia Machine,7,117,2021-11-24,Manufacturer_A,7920,8,4,2023-03-19,0.9854258589325561,1
330,Anesthesia Machine,5,108,2021-05-24,Manufacturer_A,17750,1,4,2023-03-24,0.9193096693825838,1
331,Ventilator,2,189,2023-01-23,Manufacturer_C,24826,10,0,2023-09-06,0.011279146137934418,0
332,Hospital Bed,8,122,2019-07-11,Manufacturer_B,15816,0,0,2021-05-07,0.0551385922294317,0
333,Anesthesia Machine,9,178,2019-08-08,Manufacturer_C,20719,3,2,2021-05-06,0.285539972150044,0
334,MRI Machine,5,142,2022-01-12,Manufacturer_A,745,4,0,2023-02-19,0.47230377767642157,0
335,Ultrasound,5,187,2019-09-12,Manufacturer_A,21044,6,5,2023-07-05,0.9623989506283573,1
336,MRI Machine,7,119,2020-01-07,Manufacturer_A,3284,2,0,2020-07-25,0.36103649353791134,0
337,Anesthesia Machine,2,157,2019-01-15,Manufacturer_D,26954,0,3,2022-03-22,0.34512241644790853,0
338,Anesthesia Machine,7,147,2020-12-09,Manufacturer_B,12671,4,3,2021-03-11,0.875117548882464,1
339,IV Pump,4,127,2022-08-17,Manufacturer_C,7782,10,1,2023-01-29,0.5051012455782851,0
340,Defibrillator,4,198,2020-09-20,Manufacturer_B,27668,1,5,2022-09-04,0.8851755083664705,1
341,IV Pump,10,109,2023-02-16,Manufacturer_B,23164,10,1,2023-07-30,0.05917680258228506,0
342,Hospital Bed,6,199,2020-07-03,Manufacturer_D,7079,9,1,2022-06-30,0.5368735484145478,0
343,MRI Machine,10,115,2020-11-29,Manufacturer_D,22572,7,4,2022-03-13,0.8262732580485705,1
344,Ventilator,1,110,2020-07-05,Manufacturer_D,29160,4,5,2022-07-23,0.8547171027351688,1
345,X-Ray Machine,5,135,2019-04-06,Manufacturer_A,26223,7,5,2021-08-21,0.9092209816222656,1
346,Ventilator,1,111,2022-12-06,Manufacturer_B,21744,3,3,2023-01-07,0.5752500098957698,0
347,Hospital Bed,8,187,2022-12-25,Manufacturer_D,20734,1,0,2023-01-27,0.023381698829072928,0
348,Ventilator,7,162,2021-11-16,Manufacturer_C,5004,8,3,2023-05-29,0.9656418277409742,1
349,Ultrasound,7,110,2023-02-28,Manufacturer_A,21408,9,5,2023-03-11,0.9599385292998839,1
350,X-Ray Machine,7,129,2021-03-23,Manufacturer_A,9228,7,5,2021-12-03,0.9954270135747783,1
351,IV Pump,10,100,2019-01-20,Manufacturer_C,13439,4,5,2021-12-03,0.9902446178341114,1
352,Hospital Bed,1,124,2019-06-30,Manufacturer_C,16541,1,0,2022-09-19,0.04868238565000491,0
353,X-Ray Machine,8,112,2021-09-09,Manufacturer_C,12189,1,4,2023-08-27,0.9689449159142709,1
354,MRI Machine,1,186,2019-01-20,Manufacturer_B,6488,1,4,2019-10-12,0.9887185378480408,1
355,Ultrasound,3,172,2020-04-04,Manufacturer_D,9100,10,5,2021-11-10,0.9955313668056825,1
356,Hospital Bed,7,160,2018-11-22,Manufacturer_B,3872,6,5,2021-03-04,0.9982620474736837,1
357,MRI Machine,1,114,2023-04-20,Manufacturer_C,9757,5,4,2023-06-28,0.9797874271297791,1
358,MRI Machine,9,110,2023-02-09,Manufacturer_A,23832,2,3,2023-03-05,0.4812682963974321,0
359,Ventilator,10,112,2019-07-25,Manufacturer_B,10616,9,1,2020-04-25,0.3791854650073935,0
360,Hospital Bed,2,133,2021-05-03,Manufacturer_A,29185,9,3,2023-04-25,0.26024006552282086,0
361,X-Ray Machine,9,155,2021-04-23,Manufacturer_D,3825,7,4,2022-09-16,0.9930059911772169,1
362,Anesthesia Machine,2,182,2020-12-28,Manufacturer_A,11995,0,0,2023-08-28,0.1044276034326147,0
363,Anesthesia Machine,4,101,2022-08-18,Manufacturer_A,14390,7,3,2022-09-13,0.8369309889939658,1
364,Defibrillator,8,184,2022-07-16,Manufacturer_D,14159,10,3,2022-12-19,0.8425621311002877,1
365,Ventilator,7,165,2020-08-05,Manufacturer_B,21359,4,3,2022-01-04,0.5921960772866587,0
366,Hospital Bed,3,192,2021-02-24,Manufacturer_B,24162,7,0,2021-04-02,0.012702594686971613,0
367,IV Pump,3,159,2021-10-29,Manufacturer_C,15292,2,5,2021-12-20,0.986406006173048,1
368,Ventilator,10,187,2020-11-08,Manufacturer_A,27680,7,5,2022-12-23,0.8849543641892531,1
369,IV Pump,8,107,2023-09-14,Manufacturer_B,9646,10,2,2023-09-15,0.7481669813145452,0
370,MRI Machine,1,178,2020-04-15,Manufacturer_B,1248,5,3,2020-07-28,0.9823011267390234,1
371,MRI Machine,5,132,2020-08-21,Manufacturer_A,28753,3,0,2020-10-28,0.005569422003749537,0
372,Anesthesia Machine,6,102,2020-04-22,Manufacturer_C,2874,9,0,2021-05-03,0.37834190736477485,0
373,Ventilator,9,153,2020-12-23,Manufacturer_B,24139,9,1,2021-03-08,0.050075130750738876,0
374,Ventilator,6,132,2020-05-21,Manufacturer_C,24672,0,5,2021-01-07,0.9298992000149123,1
375,Ultrasound,5,147,2021-06-26,Manufacturer_D,7193,7,2,2023-02-06,0.8224813190209026,1
376,Ultrasound,10,162,2020-06-21,Manufacturer_B,9194,0,1,2021-01-04,0.44142153581671545,0
377,MRI Machine,8,194,2021-01-26,Manufacturer_D,20661,10,3,2021-12-30,0.6223423564897292,0
378,Ultrasound,4,148,2019-12-03,Manufacturer_C,9757,4,2,2020-01-13,0.7443593147905091,0
379,Ventilator,4,102,2019-10-11,Manufacturer_A,3495,10,2,2022-08-10,0.9005352839889216,1
380,Ultrasound,7,129,2022-07-06,Manufacturer_B,7640,4,3,2022-12-29,0.945751807172368,1
381,Anesthesia Machine,7,164,2021-10-06,Manufacturer_B,21646,6,4,2023-07-23,0.8490536345869428,1
382,MRI Machine,4,133,2023-01-01,Manufacturer_A,27851,9,4,2023-05-26,0.6463626131441454,0
383,Ventilator,5,118,2020-11-04,Manufacturer_D,1464,10,4,2021-02-07,0.9954288365717523,1
384,Ultrasound,8,192,2023-03-12,Manufacturer_B,11527,6,3,2023-07-25,0.8960638079215504,1
385,X-Ray Machine,8,131,2022-06-28,Manufacturer_D,19344,2,3,2022-08-28,0.6765785773786701,0
386,MRI Machine,10,186,2019-02-15,Manufacturer_D,29017,10,5,2021-09-12,0.8579045492235676,1
387,Defibrillator,3,155,2022-07-13,Manufacturer_A,14855,3,1,2022-08-12,0.22081006270097836,0
388,MRI Machine,6,168,2022-05-03,Manufacturer_B,4652,2,5,2023-03-25,0.9979987936099532,1
389,Anesthesia Machine,10,140,2022-10-07,Manufacturer_A,26263,6,2,2023-06-20,0.12769369689620386,0
390,Anesthesia Machine,9,174,2022-06-02,Manufacturer_D,4428,6,2,2022-12-23,0.8843375080744319,1
391,Anesthesia Machine,1,135,2019-06-12,Manufacturer_C,8180,1,5,2022-04-27,0.996214795314254,1
392,Hospital Bed,2,190,2019-12-01,Manufacturer_D,24054,2,2,2020-01-24,0.17926726375783145,0
393,X-Ray Machine,2,191,2021-04-09,Manufacturer_C,29947,1,5,2021-12-03,0.8361029576886512,1
394,Hospital Bed,2,117,2019-12-29,Manufacturer_D,25138,10,0,2021-09-26,0.010665914431031601,0
395,MRI Machine,7,124,2021-07-07,Manufacturer_A,9929,10,1,2022-08-20,0.40889173783097926,0
396,Anesthesia Machine,7,180,2019-08-16,Manufacturer_C,12667,2,3,2020-06-10,0.8751967217631911,1
397,Defibrillator,3,190,2023-04-20,Manufacturer_B,19231,6,0,2023-05-16,0.030476286578191437,0
398,IV Pump,5,173,2019-03-05,Manufacturer_A,5670,7,0,2022-09-24,0.26832834985475384,0
399,IV Pump,9,190,2021-07-10,Manufacturer_C,5498,1,4,2023-01-07,0.9905533079521749,1
400,Ventilator,6,141,2019-05-16,Manufacturer_C,26712,10,0,2021-02-07,0.008041004877192472,0
401,X-Ray Machine,8,165,2018-11-02,Manufacturer_C,7754,0,1,2020-04-05,0.5063692108758295,0
402,IV Pump,3,126,2021-01-07,Manufacturer_A,10314,8,4,2021-11-29,0.9776892589885426,1
403,Anesthesia Machine,8,125,2021-11-30,Manufacturer_B,11415,2,1,2023-09-15,0.34575414497074053,0
404,Defibrillator,2,101,2021-01-02,Manufacturer_D,27755,4,0,2023-09-06,0.006665784670369218,0
405,Anesthesia Machine,2,124,2021-11-16,Manufacturer_D,24427,3,2,2022-02-23,0.16953968705294142,0
406,Anesthesia Machine,1,134,2022-03-18,Manufacturer_D,8773,1,3,2022-10-11,0.9342051281915162,1
407,Anesthesia Machine,2,117,2022-05-24,Manufacturer_C,21505,6,0,2023-06-30,0.02039583129413176,0
408,Hospital Bed,6,103,2020-01-08,Manufacturer_B,5516,2,4,2023-03-07,0.9905227452526654,1
409,Defibrillator,9,179,2021-07-30,Manufacturer_A,23538,9,0,2022-09-02,0.0142012805603836,0
410,Defibrillator,2,114,2018-11-23,Manufacturer_B,3357,5,4,2018-12-12,0.9935708723484123,1
411,Defibrillator,9,196,2022-10-21,Manufacturer_B,2295,3,0,2023-02-13,0.4033083086757191,0
412,X-Ray Machine,5,111,2022-07-08,Manufacturer_B,29240,10,3,2022-09-01,0.2583264507814926,0
413,Ultrasound,5,168,2023-09-13,Manufacturer_D,20981,7,1,2023-09-13,0.08543057391875558,0
414,Ultrasound,8,119,2018-11-14,Manufacturer_A,23217,8,1,2019-04-13,0.05864449279617703,0
415,X-Ray Machine,1,197,2021-05-08,Manufacturer_A,10877,3,5,2022-06-22,0.9938447122883611,1
416,Ultrasound,10,180,2022-12-10,Manufacturer_B,6453,10,0,2023-03-24,0.24140900522824874,0
417,Ultrasound,4,103,2021-07-30,Manufacturer_A,25526,6,3,2021-10-05,0.40568076712329487,0
418,Anesthesia Machine,8,130,2019-02-13,Manufacturer_C,14955,10,5,2020-07-14,0.9872008090847342,1
419,IV Pump,8,105,2019-10-08,Manufacturer_B,8043,3,4,2020-02-24,0.9851023518466624,1
420,Hospital Bed,3,171,2020-04-23,Manufacturer_D,5113,6,4,2022-12-27,0.9911841260167659,1
421,Ultrasound,8,117,2022-08-02,Manufacturer_B,2496,9,0,2023-03-20,0.3945770734014414,0
422,Hospital Bed,8,114,2019-02-21,Manufacturer_B,8500,0,0,2022-06-12,0.18007958076158487,0
423,MRI Machine,5,197,2023-04-13,Manufacturer_C,14722,8,1,2023-07-28,0.22498346967425384,0
424,MRI Machine,3,168,2023-07-11,Manufacturer_A,4266,0,2,2023-08-09,0.8873056880553527,1
425,Hospital Bed,9,184,2020-03-03,Manufacturer_B,21953,1,2,2021-02-28,0.24219209715059428,0
426,X-Ray Machine,3,160,2023-04-26,Manufacturer_B,10685,2,5,2023-05-03,0.994053880200358,1
427,Anesthesia Machine,7,140,2022-02-20,Manufacturer_A,16217,8,1,2022-10-07,0.18128073926984858,0
428,Ultrasound,2,194,2021-03-14,Manufacturer_C,1722,7,2,2021-10-08,0.9258338062553093,1
429,X-Ray Machine,8,189,2019-06-23,Manufacturer_B,28611,1,2,2022-03-11,0.08731454802644496,0
430,IV Pump,4,151,2018-09-25,Manufacturer_B,13942,5,0,2021-05-08,0.07573971194352987,0
431,Ultrasound,4,163,2019-11-13,Manufacturer_D,11238,3,4,2021-12-06,0.9737306056964952,1
432,Hospital Bed,8,167,2019-11-05,Manufacturer_B,804,7,2,2023-01-12,0.9364752125121049,1
433,Ultrasound,5,196,2020-01-19,Manufacturer_D,4594,2,0,2022-12-13,0.308276265900947,0
434,X-Ray Machine,6,107,2020-12-02,Manufacturer_B,24193,0,5,2021-12-10,0.9353491424854962,1
435,MRI Machine,1,179,2022-12-24,Manufacturer_B,9123,4,5,2023-06-22,0.9955127921317083,1
436,MRI Machine,5,180,2019-02-07,Manufacturer_B,22963,7,4,2020-10-14,0.8158691960344253,1
437,IV Pump,10,159,2019-05-22,Manufacturer_B,6031,4,5,2019-09-27,0.9974323153321262,1
438,MRI Machine,6,148,2022-07-14,Manufacturer_D,15595,7,0,2023-06-11,0.057261976301323965,0
439,Ventilator,3,144,2019-10-23,Manufacturer_A,19080,4,0,2023-04-14,0.031295035847041866,0
440,IV Pump,5,168,2022-01-27,Manufacturer_C,4957,9,3,2022-09-06,0.9659232053948008,1
441,Defibrillator,5,121,2020-07-02,Manufacturer_A,9763,3,4,2022-05-07,0.9797658894991947,1
442,Hospital Bed,3,143,2022-08-17,Manufacturer_A,25572,9,0,2023-01-22,0.009867392746868523,0
443,Anesthesia Machine,10,131,2022-02-11,Manufacturer_D,2536,9,4,2022-06-20,0.9944544605245142,1
444,Hospital Bed,3,144,2022-04-26,Manufacturer_A,4423,3,0,2022-12-31,0.31492115536744775,0
445,Anesthesia Machine,3,157,2022-12-13,Manufacturer_D,1701,2,5,2023-09-06,0.9988265235452364,1
446,Ultrasound,1,107,2021-09-06,Manufacturer_D,29729,8,3,2023-03-16,0.24171990018836026,0
447,IV Pump,5,143,2020-12-21,Manufacturer_D,15286,1,4,2021-10-04,0.9468180070206034,1
448,MRI Machine,9,195,2023-06-03,Manufacturer_A,11403,8,0,2023-07-14,0.1148915828342305,0
449,X-Ray Machine,6,198,2019-07-04,Manufacturer_D,7857,0,1,2020-06-24,0.5017046316232264,0
450,Ventilator,2,122,2018-10-04,Manufacturer_A,19333,10,5,2020-08-27,0.9721415478583872,1
451,MRI Machine,1,156,2022-01-14,Manufacturer_A,22342,9,3,2023-03-21,0.5485884894879911,0
452,Ventilator,5,188,2019-12-15,Manufacturer_B,20870,9,0,2020-12-13,0.02282564780616167,0
453,Defibrillator,4,167,2018-10-15,Manufacturer_A,6789,6,5,2018-12-09,0.997055475414406,1
454,Ventilator,6,196,2020-06-22,Manufacturer_C,4948,6,2,2021-03-25,0.8743475551531671,1
455,IV Pump,10,116,2022-10-07,Manufacturer_A,18197,6,2,2023-02-09,0.38692536022483764,0
456,IV Pump,10,188,2019-05-04,Manufacturer_C,26638,8,5,2023-03-05,0.9028217157043308,1
457,Defibrillator,9,122,2019-03-13,Manufacturer_D,17660,2,3,2020-03-05,0.7394609908374637,0
458,Anesthesia Machine,2,131,2022-09-21,Manufacturer_B,20157,1,4,2023-07-01,0.8804762385391878,1
459,Defibrillator,5,132,2020-05-31,Manufacturer_A,4472,0,5,2022-08-07,0.9980628743105877,1
460,Defibrillator,9,139,2020-11-28,Manufacturer_B,9466,9,3,2022-07-17,0.9260547900324381,1
461,Ventilator,2,142,2021-11-15,Manufacturer_A,665,8,5,2022-12-03,0.9990271371449516,1
462,Defibrillator,2,109,2022-03-20,Manufacturer_D,14812,4,2,2022-05-09,0.5381700701965733,0
463,IV Pump,10,164,2019-03-08,Manufacturer_B,7624,6,0,2019-08-23,0.20471029834090276,0
464,Ventilator,3,180,2021-02-17,Manufacturer_B,19008,0,4,2023-09-07,0.9007067995894722,1
465,Ventilator,3,139,2022-06-09,Manufacturer_A,17501,6,1,2022-06-21,0.14927405073509312,0
466,Ventilator,10,187,2023-09-15,Manufacturer_B,22776,6,1,2023-09-15,0.06321365925735961,0
467,Defibrillator,9,168,2022-12-15,Manufacturer_C,10987,9,5,2023-07-24,0.99372159843339,1
468,Ultrasound,1,193,2020-07-30,Manufacturer_D,24291,4,2,2022-05-02,0.17303691687632647,0
469,X-Ray Machine,3,173,2020-11-30,Manufacturer_C,2754,3,5,2021-06-07,0.9985802405173715,1
470,X-Ray Machine,9,102,2021-09-04,Manufacturer_B,15968,10,2,2023-07-16,0.48589245578133505,0
471,Anesthesia Machine,10,138,2023-08-18,Manufacturer_C,9731,7,5,2023-09-06,0.9949929111111321,1
472,Ultrasound,2,101,2019-12-23,Manufacturer_C,29921,2,1,2021-10-14,0.018157697723985344,0
473,MRI Machine,1,173,2022-09-16,Manufacturer_C,19895,0,2,2022-10-19,0.31694055143141525,0
474,X-Ray Machine,5,192,2022-10-21,Manufacturer_C,25077,7,1,2023-05-18,0.042582825421486704,0
475,Anesthesia Machine,8,199,2021-11-07,Manufacturer_A,8254,7,3,2022-09-25,0.939753726570369,1
476,Ventilator,9,144,2021-10-20,Manufacturer_C,22673,6,3,2021-11-23,0.5336999967517513,0
477,X-Ray Machine,9,193,2019-08-07,Manufacturer_B,23926,5,5,2021-05-07,0.93821327236471,1
478,MRI Machine,7,191,2022-07-07,Manufacturer_C,13505,1,1,2022-11-10,0.2657324537396137,0
479,X-Ray Machine,8,189,2021-02-04,Manufacturer_B,23451,6,1,2022-02-03,0.05634755567038928,0
480,Ventilator,7,113,2019-01-04,Manufacturer_B,22575,5,3,2022-02-25,0.5381155409479828,0
481,MRI Machine,3,153,2023-02-26,Manufacturer_B,15809,8,4,2023-05-25,0.9418400997561472,1
482,Ventilator,7,139,2019-03-17,Manufacturer_B,24666,5,5,2020-10-15,0.9299700229412954,1
483,Ultrasound,1,122,2021-09-19,Manufacturer_D,27436,6,1,2021-12-09,0.0281912065537822,0
484,Ventilator,2,154,2020-03-05,Manufacturer_D,19098,10,0,2021-06-17,0.03119633007882251,0
485,Defibrillator,4,148,2020-11-30,Manufacturer_C,6111,2,3,2021-06-03,0.9583298480699559,1
486,X-Ray Machine,10,175,2020-08-23,Manufacturer_B,5150,0,1,2022-03-15,0.6218066532777333,0
487,IV Pump,7,188,2019-02-20,Manufacturer_A,11959,5,3,2019-03-24,0.8885458089346485,1
488,Hospital Bed,5,132,2019-01-23,Manufacturer_A,26317,4,3,2022-08-27,0.37164900371695,0
489,X-Ray Machine,3,170,2022-01-19,Manufacturer_C,4084,3,1,2022-05-04,0.6660430347163679,0
490,MRI Machine,6,154,2021-11-03,Manufacturer_C,24191,8,5,2021-11-14,0.9353710491490824,1
491,Hospital Bed,2,106,2022-06-20,Manufacturer_D,22904,7,2,2023-09-05,0.21198800335979795,0
492,Anesthesia Machine,9,142,2021-05-23,Manufacturer_A,9098,2,3,2023-03-17,0.9304923180774021,1
493,Ventilator,7,104,2021-05-03,Manufacturer_D,13377,6,3,2021-07-23,0.8604563054384062,1
494,Ventilator,4,129,2021-02-15,Manufacturer_C,12937,7,1,2022-10-28,0.28628752316083195,0
495,MRI Machine,1,140,2022-08-12,Manufacturer_D,17325,6,1,2022-09-21,0.15336854356672483,0
496,MRI Machine,10,192,2019-03-02,Manufacturer_D,6373,3,0,2021-06-13,0.24407304616350411,0
497,Hospital Bed,7,151,2019-01-26,Manufacturer_B,6766,0,1,2023-08-23,0.5509391862765309,0
498,Hospital Bed,5,145,2018-10-26,Manufacturer_A,24854,1,0,2021-01-20,0.011222717649202216,0
499,X-Ray Machine,10,105,2020-06-26,Manufacturer_A,23252,4,0,2022-05-19,0.014945190074154744,0
500,Hospital Bed,8,138,2021-12-12,Manufacturer_B,22507,2,2,2023-04-02,0.2242511170345288,0
501,Ventilator,7,179,2020-09-23,Manufacturer_B,20765,10,3,2022-08-27,0.6179040527038725,0
502,Defibrillator,2,180,2020-08-15,Manufacturer_C,18247,6,3,2023-03-25,0.71845826813189,0
503,Defibrillator,4,130,2020-05-12,Manufacturer_C,22544,5,1,2023-02-20,0.06574871719125029,0
504,MRI Machine,6,167,2022-11-12,Manufacturer_A,10204,2,2,2022-12-01,0.7286475556884446,0
505,Ventilator,5,126,2020-07-15,Manufacturer_D,17720,1,1,2023-01-25,0.14430552948854092,0
506,IV Pump,10,145,2023-06-01,Manufacturer_C,21854,3,5,2023-07-20,0.9567132045459322,1
507,IV Pump,10,123,2023-04-22,Manufacturer_A,9437,9,2,2023-04-25,0.7552335908382519,0
508,Defibrillator,3,112,2023-01-20,Manufacturer_D,27946,6,3,2023-04-21,0.30570811610252396,0
509,Anesthesia Machine,8,150,2022-03-02,Manufacturer_A,9468,6,5,2022-09-22,0.9952247700837678,1
510,MRI Machine,2,150,2023-05-02,Manufacturer_A,11699,3,3,2023-05-22,0.8931257631305447,1
511,Anesthesia Machine,7,122,2020-06-18,Manufacturer_A,15724,1,3,2021-09-11,0.8012138458711009,1
512,IV Pump,7,100,2020-01-26,Manufacturer_D,29818,7,3,2022-08-16,0.23877693851316517,0
513,Ventilator,5,182,2019-07-04,Manufacturer_C,9540,8,1,2023-03-01,0.42602768985266465,0
514,Ultrasound,5,161,2018-10-09,Manufacturer_D,25675,5,2,2019-04-25,0.140036954845921,0
515,MRI Machine,2,194,2023-04-07,Manufacturer_A,11959,10,4,2023-06-19,0.9701745067090524,1
516,X-Ray Machine,4,168,2022-04-01,Manufacturer_A,15166,2,3,2022-10-08,0.8168255460372346,1
517,Ventilator,9,127,2019-04-04,Manufacturer_A,16117,0,3,2022-09-16,0.7896308379061777,0
518,X-Ray Machine,7,102,2021-05-05,Manufacturer_A,27759,6,5,2023-08-02,0.8834892324491136,1
519,X-Ray Machine,5,142,2020-03-09,Manufacturer_D,24040,5,4,2021-10-19,0.7847383953072252,0
520,Anesthesia Machine,2,101,2023-07-23,Manufacturer_B,7890,5,5,2023-08-27,0.9964078289090678,1
521,Ventilator,2,146,2023-01-13,Manufacturer_B,24729,4,4,2023-04-18,0.7629055861388774,0
522,Hospital Bed,10,101,2020-06-24,Manufacturer_C,592,1,3,2020-08-23,0.9842530927300024,1
523,Ultrasound,3,128,2019-07-25,Manufacturer_B,12357,7,3,2021-06-25,0.8812028183972609,1
524,Defibrillator,8,114,2020-05-22,Manufacturer_C,17463,5,2,2021-01-10,0.4189020771255906,0
525,IV Pump,3,143,2022-07-27,Manufacturer_A,18881,2,2,2023-07-25,0.35797373951847355,0
526,Anesthesia Machine,9,128,2021-11-28,Manufacturer_B,3055,1,1,2022-01-29,0.7061498809163264,0
527,Defibrillator,8,183,2022-12-17,Manufacturer_D,17049,5,2,2023-08-19,0.4372621226488927,0
528,Ultrasound,4,126,2023-02-07,Manufacturer_C,9686,2,0,2023-07-25,0.15050236603720907,0
529,Defibrillator,6,113,2019-12-26,Manufacturer_B,23830,10,1,2020-03-20,0.05280598556757015,0
530,Defibrillator,4,167,2019-01-23,Manufacturer_A,27884,3,2,2020-12-21,0.09839650494912146,0
531,MRI Machine,10,174,2022-04-03,Manufacturer_C,5637,3,5,2023-07-30,0.9976087799266755,1
532,Anesthesia Machine,10,113,2020-08-08,Manufacturer_B,16243,6,4,2023-03-28,0.9373806531732632,1
533,IV Pump,1,135,2019-11-09,Manufacturer_A,12976,8,3,2020-05-14,0.8689527671326099,1
534,X-Ray Machine,10,110,2023-08-25,Manufacturer_C,5101,4,2,2023-09-07,0.871270644409925,1
535,Anesthesia Machine,6,167,2023-03-12,Manufacturer_B,4727,3,4,2023-03-30,0.9917746480356563,1
536,IV Pump,2,118,2019-06-22,Manufacturer_C,29806,5,4,2019-09-27,0.5619099756765618,0
537,MRI Machine,10,115,2021-07-07,Manufacturer_D,14784,1,4,2023-04-27,0.9512156055229729,1
538,MRI Machine,1,144,2023-05-21,Manufacturer_D,12033,2,5,2023-06-27,0.9924216035099086,1
539,X-Ray Machine,9,123,2021-12-28,Manufacturer_A,28416,10,2,2023-02-03,0.09017109456484995,0
540,X-Ray Machine,2,134,2023-01-09,Manufacturer_C,20502,0,0,2023-05-13,0.024360914843172075,0
541,Ultrasound,1,140,2021-12-15,Manufacturer_D,8729,9,0,2022-07-12,0.17403521481198791,0
542,Hospital Bed,8,162,2019-10-12,Manufacturer_B,3932,4,5,2022-07-01,0.9982430867616987,1
543,Defibrillator,5,105,2019-11-03,Manufacturer_B,14777,5,0,2022-02-17,0.06580672947010602,0
544,Hospital Bed,8,199,2018-10-05,Manufacturer_A,11575,1,5,2022-07-16,0.9930208082747167,1
545,Hospital Bed,9,167,2020-10-12,Manufacturer_A,20363,1,4,2021-10-28,0.8764927324061379,1
546,Ventilator,8,141,2023-08-20,Manufacturer_C,12070,8,1,2023-09-07,0.31942484287223294,0
547,IV Pump,5,119,2019-02-28,Manufacturer_A,22444,5,4,2023-04-11,0.8295767578921348,1
548,IV Pump,2,154,2019-04-30,Manufacturer_B,6476,5,4,2023-01-29,0.9887427606667354,1
549,Ultrasound,7,158,2019-08-08,Manufacturer_A,5522,8,0,2020-11-30,0.27362487566319343,0
550,Hospital Bed,2,187,2022-09-11,Manufacturer_A,11508,3,4,2023-03-16,0.9724500084002492,1
551,Ultrasound,4,123,2022-02-09,Manufacturer_C,9950,7,0,2022-02-25,0.14448930862301843,0
552,Ultrasound,6,122,2020-07-03,Manufacturer_B,23390,6,4,2023-03-19,0.8039632700118338,1
553,Defibrillator,4,117,2023-01-01,Manufacturer_A,18743,2,4,2023-04-09,0.9049185098323824,1
554,MRI Machine,2,136,2019-01-21,Manufacturer_C,9309,1,3,2020-07-29,0.9279790024000976,1
555,Ultrasound,2,108,2019-01-23,Manufacturer_D,1981,3,5,2022-04-07,0.9987655383965137,1
556,IV Pump,3,156,2021-11-08,Manufacturer_D,3575,5,4,2022-03-25,0.9933136162275776,1
557,Hospital Bed,8,182,2021-02-09,Manufacturer_C,29863,2,1,2022-12-24,0.018345974858562136,0
558,IV Pump,5,171,2023-05-23,Manufacturer_D,5698,0,2,2023-08-06,0.8586456982110448,1
559,X-Ray Machine,8,124,2022-08-22,Manufacturer_D,4000,4,0,2023-04-24,0.3316836089906509,0
560,MRI Machine,4,156,2022-09-16,Manufacturer_B,7135,3,3,2023-03-22,0.9502586305387171,1
561,X-Ray Machine,6,102,2019-07-05,Manufacturer_B,28137,3,0,2020-09-19,0.006222860284898971,0
562,Ventilator,10,162,2022-12-06,Manufacturer_C,29210,10,1,2023-03-16,0.020602401180511785,0
563,X-Ray Machine,8,149,2020-07-31,Manufacturer_D,8437,4,4,2021-12-20,0.9840177377607422,1
564,MRI Machine,2,164,2019-05-30,Manufacturer_A,9796,0,1,2022-02-03,0.41472789622707146,0
565,IV Pump,2,118,2021-03-13,Manufacturer_C,26389,0,3,2022-11-07,0.3686081056515564,0
566,Hospital Bed,5,167,2023-06-16,Manufacturer_B,4976,5,5,2023-06-18,0.997878070841552,1
567,IV Pump,2,118,2019-07-28,Manufacturer_B,19640,9,1,2022-08-13,0.10642294964280541,0
568,Defibrillator,2,127,2021-01-20,Manufacturer_C,11200,8,0,2021-07-06,0.118684667437001,0
569,Ventilator,6,155,2020-10-22,Manufacturer_D,2046,4,0,2023-07-06,0.4142095927551791,0
570,MRI Machine,6,184,2019-01-31,Manufacturer_C,27352,1,2,2021-12-17,0.10728376224889377,0
571,Defibrillator,9,189,2022-07-23,Manufacturer_A,27875,0,4,2023-02-11,0.6453681513061983,0
572,X-Ray Machine,5,136,2020-10-12,Manufacturer_D,23401,6,3,2023-06-02,0.5007797124716841,0
573,Hospital Bed,2,185,2021-10-30,Manufacturer_A,3180,7,0,2023-08-30,0.3653941488697592,0
574,Ultrasound,3,178,2023-05-20,Manufacturer_A,21824,3,5,2023-08-30,0.9569377206204828,1
575,Anesthesia Machine,1,154,2022-09-07,Manufacturer_D,12805,6,0,2023-06-11,0.09147887189636619,0
576,Hospital Bed,6,149,2019-09-02,Manufacturer_C,1139,5,3,2022-09-10,0.9826411846733667,1
577,Hospital Bed,7,184,2018-11-19,Manufacturer_D,19991,9,2,2023-06-30,0.313187514152401,0
578,MRI Machine,5,161,2020-08-15,Manufacturer_C,26830,7,5,2023-08-25,0.8997269851104773,1
579,Ultrasound,9,118,2023-03-22,Manufacturer_B,12994,7,5,2023-03-22,0.9909933967387642,1
580,MRI Machine,8,114,2020-11-11,Manufacturer_C,21245,8,5,2021-02-08,0.9610588303095342,1
581,MRI Machine,8,156,2019-12-23,Manufacturer_D,29603,3,1,2021-07-06,0.019213782427226538,0
582,MRI Machine,5,136,2023-01-12,Manufacturer_B,3089,3,5,2023-07-30,0.9984915421097268,1
583,Ultrasound,3,112,2020-10-02,Manufacturer_C,17465,4,4,2021-05-16,0.9230576606719492,1
584,Anesthesia Machine,8,191,2023-07-17,Manufacturer_D,2714,0,0,2023-08-15,0.38518301469216637,0
585,MRI Machine,8,115,2020-08-13,Manufacturer_C,22538,10,3,2023-07-26,0.5397811180638553,0
586,X-Ray Machine,3,134,2020-06-20,Manufacturer_C,13249,9,5,2021-07-11,0.9905715800183156,1
587,Ultrasound,9,175,2019-10-28,Manufacturer_D,25996,10,2,2022-12-29,0.13317927631713233,0
588,X-Ray Machine,3,153,2018-12-28,Manufacturer_B,6513,6,5,2021-06-10,0.9971986811459187,1
589,Anesthesia Machine,3,193,2022-02-06,Manufacturer_A,15685,1,2,2023-07-07,0.49870591290025923,0
590,Anesthesia Machine,7,171,2019-01-31,Manufacturer_C,14458,7,1,2022-08-16,0.23343233851593367,0
591,Defibrillator,9,165,2022-11-14,Manufacturer_A,16967,5,4,2023-02-28,0.9292255866447725,1
592,MRI Machine,1,139,2020-07-14,Manufacturer_A,27174,9,2,2022-09-27,0.1104115046796887,0
593,Hospital Bed,7,181,2022-07-07,Manufacturer_B,29824,8,2,2023-08-12,0.07131761036234646,0
594,X-Ray Machine,8,182,2018-10-25,Manufacturer_D,22393,3,5,2020-01-07,0.9524841353622854,1
595,Anesthesia Machine,9,180,2020-09-22,Manufacturer_A,17196,3,2,2023-04-10,0.4307205611653788,0
596,Defibrillator,6,191,2023-04-14,Manufacturer_C,4159,5,2,2023-06-30,0.8892295056501104,1
597,Hospital Bed,1,139,2020-08-20,Manufacturer_D,5684,9,2,2023-05-25,0.8589532531266116,1
598,Hospital Bed,6,147,2022-10-04,Manufacturer_A,9779,8,4,2023-02-04,0.9797083458783808,1
599,Hospital Bed,6,152,2021-11-06,Manufacturer_B,28371,3,1,2023-09-15,0.023903529953685183,0
600,Defibrillator,5,167,2022-06-14,Manufacturer_D,4081,0,2,2022-11-23,0.890613741142591,1
601,Defibrillator,5,153,2023-03-04,Manufacturer_A,17629,1,5,2023-08-18,0.9793882082720939,1
602,Anesthesia Machine,5,146,2023-04-06,Manufacturer_B,29049,1,4,2023-08-03,0.5953330790693624,0
603,X-Ray Machine,8,171,2023-06-19,Manufacturer_A,8698,9,5,2023-06-28,0.9958439319335489,1
604,MRI Machine,5,177,2020-03-08,Manufacturer_D,22857,7,3,2022-02-25,0.5253958497472481,0
605,MRI Machine,3,162,2020-07-21,Manufacturer_C,6749,9,3,2022-09-29,0.9534617914173288,1
606,X-Ray Machine,2,176,2022-08-21,Manufacturer_B,20312,3,2,2023-02-15,0.3008166309163839,0
607,X-Ray Machine,9,174,2019-10-02,Manufacturer_D,23548,7,3,2020-06-08,0.4941222865290732,0
608,Anesthesia Machine,5,171,2019-09-26,Manufacturer_B,16761,9,5,2021-02-10,0.9823344123181494,1
609,Ultrasound,5,132,2019-08-05,Manufacturer_C,12899,1,1,2021-03-19,0.2876962075802261,0
610,X-Ray Machine,8,152,2023-03-15,Manufacturer_D,14583,7,5,2023-07-10,0.9880249628186438,1
611,MRI Machine,6,172,2022-05-01,Manufacturer_A,19065,1,2,2023-02-16,0.3503494873684876,0
612,Ultrasound,2,129,2019-10-19,Manufacturer_A,4995,3,2,2023-04-06,0.8734091217356195,1
613,Defibrillator,10,175,2021-12-12,Manufacturer_A,14838,0,5,2023-06-21,0.9874658803636528,1
614,Ultrasound,10,107,2023-02-02,Manufacturer_A,12021,3,4,2023-06-02,0.9698477752954245,1
615,Ventilator,9,128,2023-07-12,Manufacturer_B,6993,8,3,2023-07-23,0.951460588996655,1
616,Ultrasound,8,149,2018-10-22,Manufacturer_A,15964,9,4,2021-01-20,0.9402827279947786,1
617,MRI Machine,10,195,2022-02-10,Manufacturer_D,21827,3,4,2023-05-10,0.8448029085206977,1
618,Ultrasound,5,101,2022-07-24,Manufacturer_C,14556,8,5,2022-11-22,0.9880826977853567,1
619,X-Ray Machine,6,178,2023-06-08,Manufacturer_C,24680,5,1,2023-08-04,0.0456134148990263,0
620,Hospital Bed,1,141,2021-05-15,Manufacturer_C,23276,9,1,2023-07-08,0.058057204212492206,0
621,IV Pump,6,121,2019-03-27,Manufacturer_D,12257,1,4,2020-09-22,0.968572079727896,1
622,Hospital Bed,5,164,2018-12-11,Manufacturer_A,13241,6,1,2021-06-25,0.27516826534474076,0
623,Defibrillator,2,183,2019-06-20,Manufacturer_C,20175,9,3,2022-01-13,0.6428020984303211,0
624,MRI Machine,8,103,2020-10-29,Manufacturer_A,12350,10,2,2022-07-04,0.645427111397406,0
625,Defibrillator,9,119,2022-09-08,Manufacturer_D,20902,0,2,2023-09-14,0.27882496808855306,0
626,X-Ray Machine,4,189,2020-04-28,Manufacturer_A,14163,6,2,2021-10-11,0.5672284026447706,0
627,Defibrillator,8,139,2019-04-06,Manufacturer_A,25449,8,5,2023-05-18,0.92014944289945,1
628,IV Pump,1,192,2019-04-16,Manufacturer_B,21448,4,0,2023-07-11,0.020603172636182006,0
629,MRI Machine,7,123,2019-09-23,Manufacturer_B,15637,2,1,2021-08-26,0.19740060631053324,0
630,Ultrasound,6,146,2020-11-09,Manufacturer_C,9616,6,2,2020-12-12,0.7491895976842692,0
631,Ultrasound,8,125,2022-10-14,Manufacturer_A,28946,0,2,2023-06-01,0.08259776315350685,0
632,Ventilator,10,164,2023-01-03,Manufacturer_D,5609,4,3,2023-04-03,0.9618139282972918,1
633,IV Pump,4,179,2023-07-09,Manufacturer_B,4425,4,2,2023-07-13,0.8843930867038305,1
634,Anesthesia Machine,4,168,2021-03-09,Manufacturer_A,4391,1,1,2021-09-25,0.6535601733575628,0
635,Ultrasound,7,197,2022-02-05,Manufacturer_D,5658,7,1,2022-10-11,0.5999347937004786,0
636,Ultrasound,1,174,2022-05-08,Manufacturer_A,4471,2,3,2022-10-13,0.9687053199495171,1
637,Ventilator,9,113,2022-08-14,Manufacturer_D,23414,1,2,2022-10-07,0.19696438127769403,0
638,X-Ray Machine,2,144,2019-11-21,Manufacturer_B,6947,10,4,2020-08-22,0.9877523213246806,1
639,Defibrillator,7,130,2023-01-01,Manufacturer_D,19887,3,1,2023-02-15,0.10224197245803288,0
640,X-Ray Machine,6,123,2022-10-31,Manufacturer_B,4886,2,3,2023-04-18,0.9663440536282185,1
641,Anesthesia Machine,1,178,2020-07-16,Manufacturer_B,10613,1,5,2022-02-16,0.9941304834040465,1
642,Ultrasound,5,154,2023-02-25,Manufacturer_B,28005,0,4,2023-02-26,0.6399598040372579,0
643,MRI Machine,8,103,2019-05-19,Manufacturer_D,13331,6,5,2020-03-27,0.990431822932191,1
644,Ventilator,5,112,2019-04-17,Manufacturer_D,21670,9,2,2021-05-10,0.2517256419691812,0
645,Ventilator,8,131,2020-05-26,Manufacturer_B,8082,3,0,2022-10-07,0.1915325312745911,0
646,IV Pump,9,116,2020-05-10,Manufacturer_C,28199,2,4,2020-05-29,0.6318227211276581,0
647,Ventilator,7,128,2018-12-05,Manufacturer_D,24475,9,4,2020-12-31,0.7711279070981564,0
648,MRI Machine,2,194,2020-09-23,Manufacturer_C,2570,1,3,2023-07-21,0.9776188544145693,1
649,IV Pump,10,107,2018-11-08,Manufacturer_B,19949,10,2,2019-03-09,0.3148264964843916,0
650,IV Pump,9,106,2020-04-07,Manufacturer_D,7784,7,4,2023-08-12,0.9857755040863163,1
651,X-Ray Machine,6,160,2022-06-01,Manufacturer_D,6505,9,3,2023-03-03,0.9553843563250474,1
652,Hospital Bed,3,163,2020-06-09,Manufacturer_B,7857,10,5,2022-11-12,0.996429163609786,1
653,IV Pump,7,100,2020-11-17,Manufacturer_C,17678,2,2,2022-06-21,0.40945184209126617,0
654,IV Pump,7,157,2021-10-15,Manufacturer_A,5911,4,0,2021-12-31,0.25984382515225046,0
655,Defibrillator,2,112,2019-03-22,Manufacturer_B,15023,3,5,2022-11-27,0.9870442160189536,1
656,MRI Machine,9,107,2021-07-02,Manufacturer_C,4637,6,3,2023-05-25,0.9677806880656347,1
657,MRI Machine,1,103,2018-09-15,Manufacturer_A,12251,7,1,2023-07-07,0.31233906624824287,0
658,X-Ray Machine,6,103,2022-08-28,Manufacturer_C,7989,3,3,2023-03-07,0.9424150761075204,1
659,Ultrasound,8,169,2019-09-21,Manufacturer_A,25176,7,2,2022-06-08,0.15128174560747262,0
660,Ultrasound,10,128,2020-10-25,Manufacturer_B,9515,1,3,2021-03-27,0.9254446180074236,1
661,Anesthesia Machine,7,135,2019-07-08,Manufacturer_A,29216,10,0,2019-07-12,0.005123621674099764,0
662,Ventilator,7,193,2023-01-08,Manufacturer_B,1731,1,5,2023-07-29,0.9988201360538543,1
663,X-Ray Machine,6,146,2019-10-27,Manufacturer_C,13328,2,3,2022-08-21,0.8615187629411354,1
664,MRI Machine,7,171,2020-02-10,Manufacturer_A,13789,7,0,2023-01-05,0.07770300583636731,0
665,Defibrillator,4,127,2018-09-16,Manufacturer_D,13901,8,5,2022-08-22,0.9894020070133234,1
666,X-Ray Machine,10,140,2019-07-16,Manufacturer_D,16531,8,3,2021-12-11,0.7769015774667761,0
667,Ultrasound,4,136,2022-11-18,Manufacturer_B,4023,9,4,2023-04-03,0.9927524132858944,1
668,Ultrasound,4,190,2023-03-25,Manufacturer_C,19342,3,4,2023-07-23,0.8951625852802542,1
669,Hospital Bed,3,191,2023-09-12,Manufacturer_C,24975,1,4,2023-09-13,0.7547502905824645,0
670,Ultrasound,3,145,2022-09-12,Manufacturer_A,26568,4,5,2023-07-14,0.9039286384531663,1
671,MRI Machine,7,176,2020-03-24,Manufacturer_A,14194,6,5,2021-05-13,0.9888307163169259,1
672,X-Ray Machine,3,172,2022-09-01,Manufacturer_C,22844,3,4,2023-08-23,0.8190857926646685,1
673,Hospital Bed,7,187,2020-06-25,Manufacturer_C,2660,5,3,2022-02-23,0.9772593148838986,1
674,Anesthesia Machine,4,108,2023-07-17,Manufacturer_C,14788,4,2,2023-07-19,0.5392505255100708,0
675,Ultrasound,5,142,2019-11-21,Manufacturer_A,19911,9,4,2021-10-15,0.8850872984937513,1
676,Hospital Bed,9,124,2022-09-07,Manufacturer_A,29799,6,1,2023-01-20,0.018555952538873505,0
677,MRI Machine,4,143,2020-04-26,Manufacturer_D,15963,8,3,2022-01-31,0.7942277954800377,0
678,MRI Machine,7,117,2018-10-16,Manufacturer_C,15164,10,0,2022-10-29,0.06162564503573019,0
679,Defibrillator,7,103,2020-12-09,Manufacturer_D,7635,3,5,2023-05-01,0.996569442801584,1
680,X-Ray Machine,7,156,2021-01-02,Manufacturer_B,10630,1,1,2022-11-04,0.3785886015218426,0
681,Defibrillator,4,162,2019-10-05,Manufacturer_B,26745,1,4,2020-07-13,0.6907127537889616,0
682,Ultrasound,8,160,2019-07-16,Manufacturer_B,21801,0,1,2019-12-29,0.074516064621761,0
683,Ventilator,8,153,2020-12-22,Manufacturer_D,6492,3,4,2023-05-24,0.9887104521302937,1
684,MRI Machine,1,198,2021-07-21,Manufacturer_D,18216,7,2,2022-10-19,0.3861091699323246,0
685,Ventilator,10,197,2020-09-27,Manufacturer_C,28915,7,0,2023-08-14,0.005409215929574158,0
686,Ultrasound,3,144,2023-02-25,Manufacturer_D,642,3,3,2023-08-24,0.9841120843352911,1
687,Anesthesia Machine,9,102,2019-12-08,Manufacturer_C,10824,5,4,2020-06-30,0.9755824164229805,1
688,Hospital Bed,1,145,2019-06-29,Manufacturer_A,11279,0,3,2020-11-12,0.9001742856142483,1
689,Defibrillator,5,147,2021-03-24,Manufacturer_D,19837,5,3,2022-02-02,0.6567354009331671,0
690,MRI Machine,9,181,2020-06-07,Manufacturer_A,20903,6,5,2022-02-23,0.9633124705084462,1
691,Anesthesia Machine,5,157,2019-03-29,Manufacturer_B,29560,10,1,2021-06-19,0.01936113231107787,0
692,Hospital Bed,3,180,2019-06-04,Manufacturer_B,6279,7,2,2020-03-14,0.8453821044617305,1
693,MRI Machine,9,181,2022-04-23,Manufacturer_D,8166,1,3,2022-08-04,0.9406500204283391,1
694,Anesthesia Machine,7,155,2021-09-06,Manufacturer_B,29114,9,2,2023-01-09,0.08032062928496439,0
695,Anesthesia Machine,7,131,2019-04-23,Manufacturer_B,4682,1,2,2020-01-14,0.8795469911180553,1
696,Hospital Bed,4,105,2020-05-02,Manufacturer_B,28860,6,0,2022-04-06,0.005463086310951187,0
697,MRI Machine,8,105,2023-04-06,Manufacturer_C,6417,2,3,2023-04-26,0.9560589837813233,1
698,X-Ray Machine,2,135,2019-12-31,Manufacturer_A,15718,9,3,2021-04-26,0.8013869112990645,1
699,Hospital Bed,10,186,2022-06-14,Manufacturer_D,28553,4,2,2023-07-06,0.08815552813977849,0
700,Ventilator,10,102,2019-12-20,Manufacturer_D,17304,4,3,2022-05-28,0.7516930808309682,0
701,Anesthesia Machine,2,175,2022-07-19,Manufacturer_A,8651,1,4,2022-11-21,0.9833964496172408,1
702,Hospital Bed,1,137,2022-01-24,Manufacturer_A,2307,7,1,2023-07-17,0.7334635162602167,0
703,MRI Machine,3,196,2021-10-08,Manufacturer_A,2824,8,0,2023-06-28,0.3804746999849297,0
704,Ventilator,6,164,2020-01-28,Manufacturer_D,26205,0,4,2022-12-16,0.7112126744939208,0
705,Hospital Bed,4,187,2022-04-06,Manufacturer_D,27371,5,2,2023-08-15,0.10695454647001619,0
706,Ultrasound,6,190,2022-11-05,Manufacturer_B,4722,5,5,2023-04-04,0.9979733058201846,1
707,Hospital Bed,10,140,2021-09-15,Manufacturer_A,23392,10,5,2022-06-08,0.9435891393380963,1
708,MRI Machine,8,151,2018-12-23,Manufacturer_B,23618,1,0,2021-07-28,0.013999807076237927,0
709,Ventilator,6,121,2021-08-16,Manufacturer_D,5179,9,5,2023-08-24,0.9977987573935257,1
710,Hospital Bed,7,160,2020-09-16,Manufacturer_A,7570,6,5,2022-04-24,0.9966094663161242,1
711,Defibrillator,7,142,2018-10-27,Manufacturer_C,24781,0,4,2020-11-03,0.7611973972675732,0
712,X-Ray Machine,4,150,2022-09-06,Manufacturer_C,11976,0,1,2022-11-14,0.32313819683724365,0
713,Hospital Bed,2,104,2021-10-20,Manufacturer_D,7340,2,0,2022-02-13,0.2132138733411367,0
714,Hospital Bed,4,100,2020-08-24,Manufacturer_B,29289,0,5,2023-08-02,0.8517910069066271,1
715,MRI Machine,3,165,2021-08-26,Manufacturer_A,6341,10,3,2023-01-03,0.9566337745516306,1
716,IV Pump,5,192,2023-02-16,Manufacturer_D,12988,6,1,2023-02-23,0.2844034280608597,0
717,MRI Machine,9,133,2023-05-17,Manufacturer_B,29215,7,1,2023-08-01,0.020584131750161685,0
718,Hospital Bed,2,113,2019-01-28,Manufacturer_A,26202,4,3,2020-05-14,0.37652706151159304,0
719,MRI Machine,1,128,2019-07-04,Manufacturer_B,23820,9,0,2022-01-14,0.013503542298455448,0
720,Defibrillator,3,125,2022-05-15,Manufacturer_D,19242,3,0,2023-03-01,0.030417460002289926,0
721,Ultrasound,6,198,2021-11-05,Manufacturer_A,23390,0,2,2022-04-12,0.19765298973873735,0
722,X-Ray Machine,2,147,2020-10-08,Manufacturer_B,29899,4,1,2022-04-14,0.018228888898408006,0
723,Defibrillator,10,193,2020-09-12,Manufacturer_A,18918,10,3,2021-03-27,0.6932308068788163,0
724,Anesthesia Machine,7,118,2020-05-09,Manufacturer_A,25069,1,0,2020-05-16,0.010798628145638055,0
725,MRI Machine,3,122,2021-09-30,Manufacturer_B,23510,6,1,2023-02-20,0.05578190644737178,0
726,Ventilator,1,106,2023-08-27,Manufacturer_C,11763,2,0,2023-09-09,0.10842416818191562,0
727,X-Ray Machine,9,150,2021-06-14,Manufacturer_A,10245,2,2,2022-08-18,0.727176469879482,0
728,Anesthesia Machine,2,113,2021-12-12,Manufacturer_C,7369,3,5,2022-07-02,0.996730310398246,1
729,MRI Machine,5,100,2020-03-07,Manufacturer_B,20621,7,4,2021-02-07,0.8713433259500861,1
730,Ventilator,6,151,2020-05-05,Manufacturer_C,24218,0,2,2022-07-04,0.17493751401541524,0
731,Defibrillator,10,168,2021-06-21,Manufacturer_C,20242,1,2,2023-05-16,0.30349056205740793,0
732,Ultrasound,9,133,2023-04-30,Manufacturer_C,25073,0,4,2023-06-03,0.751449166910634,0
733,Hospital Bed,2,130,2020-04-26,Manufacturer_D,16152,6,4,2021-10-09,0.9383413859112237,1
734,X-Ray Machine,10,118,2019-10-10,Manufacturer_C,3652,0,1,2020-07-17,0.6832188462402217,0
735,Ultrasound,6,122,2023-03-13,Manufacturer_C,7476,0,4,2023-06-07,0.9865370703634807,1
736,Hospital Bed,6,141,2023-07-19,Manufacturer_A,28372,7,4,2023-09-13,0.6245024473844544,0
737,Ventilator,1,169,2020-12-11,Manufacturer_B,18223,7,3,2023-06-07,0.7193369047063808,0
738,X-Ray Machine,3,106,2020-11-12,Manufacturer_C,15781,1,0,2021-06-01,0.05546986354129443,0
739,Hospital Bed,9,187,2019-05-16,Manufacturer_C,15996,5,5,2021-01-19,0.9845853471734473,1
740,X-Ray Machine,9,148,2021-09-23,Manufacturer_B,1371,6,4,2022-10-09,0.995504863320236,1
741,MRI Machine,1,107,2019-08-17,Manufacturer_A,16343,6,0,2020-07-27,0.050370765603783965,0
742,Defibrillator,1,188,2018-09-30,Manufacturer_B,14496,3,3,2023-03-21,0.834293204574625,1
743,X-Ray Machine,4,186,2019-07-22,Manufacturer_B,12550,7,5,2020-09-08,0.9916836914184105,1
744,Ventilator,2,176,2023-07-20,Manufacturer_B,19160,4,4,2023-08-24,0.8982167718816821,1
745,Defibrillator,5,159,2019-11-17,Manufacturer_A,11194,6,1,2022-05-02,0.35486584239867386,0
746,Ultrasound,5,165,2021-09-04,Manufacturer_B,21756,1,0,2022-01-13,0.01950685582476404,0
747,Hospital Bed,8,119,2020-03-21,Manufacturer_B,11078,4,2,2021-07-09,0.6962357045820677,0
748,Anesthesia Machine,2,112,2022-11-07,Manufacturer_C,19864,10,1,2023-05-22,0.10262506421033864,0
749,Ultrasound,5,138,2023-05-11,Manufacturer_A,1067,9,2,2023-06-07,0.9335811697880839,1
750,Anesthesia Machine,3,163,2022-10-10,Manufacturer_A,28322,3,1,2023-04-19,0.024111525502418348,0
751,X-Ray Machine,7,157,2022-01-23,Manufacturer_C,22405,0,2,2023-07-24,0.2274820563660992,0
752,IV Pump,4,176,2023-07-11,Manufacturer_D,3509,1,0,2023-07-13,0.3516875284284126,0
753,Anesthesia Machine,5,152,2020-05-21,Manufacturer_D,10995,1,3,2020-11-19,0.90470335899784,1
754,Ventilator,2,172,2023-07-25,Manufacturer_C,1064,7,1,2023-09-09,0.7751199915617141,0
755,Anesthesia Machine,8,181,2021-02-20,Manufacturer_A,27924,0,3,2021-11-07,0.3065547083734415,0
756,Ultrasound,6,104,2022-10-20,Manufacturer_A,5762,10,1,2023-07-26,0.5954043525877928,0
757,Ventilator,2,188,2022-05-24,Manufacturer_A,28028,4,2,2023-09-11,0.09610630312426427,0
758,IV Pump,6,187,2020-11-01,Manufacturer_C,7096,9,1,2021-08-12,0.5361077116723528,0
759,X-Ray Machine,7,134,2020-09-16,Manufacturer_A,16083,8,2,2022-04-27,0.48068991671873323,0
760,Hospital Bed,9,148,2023-04-26,Manufacturer_B,21443,2,0,2023-07-23,0.020621458610434667,0
761,X-Ray Machine,2,188,2019-05-19,Manufacturer_B,25514,10,5,2022-09-19,0.9192799514180088,1
762,Ventilator,6,175,2022-08-11,Manufacturer_A,27514,9,1,2022-09-13,0.027806647707770308,0
763,Hospital Bed,1,103,2022-09-04,Manufacturer_B,23015,6,5,2023-03-21,0.9471163206324913,1
764,X-Ray Machine,3,105,2023-03-31,Manufacturer_A,17894,10,1,2023-04-17,0.14045660167725837,0
765,Anesthesia Machine,1,125,2020-11-30,Manufacturer_A,9906,8,2,2021-07-06,0.7391890458568503,0
766,MRI Machine,6,192,2021-10-22,Manufacturer_A,17956,9,1,2023-01-25,0.13910604290466833,0
767,Ultrasound,5,198,2022-04-26,Manufacturer_B,12204,10,4,2022-10-23,0.9688630424288569,1
768,Hospital Bed,8,134,2022-10-05,Manufacturer_A,7333,1,1,2023-03-14,0.525414916356335,0
769,Ultrasound,5,124,2019-08-29,Manufacturer_C,2954,5,5,2019-12-04,0.9985279331080351,1
770,MRI Machine,5,172,2020-10-04,Manufacturer_D,917,4,4,2023-07-27,0.9958583113812884,1
771,Hospital Bed,1,129,2021-07-04,Manufacturer_C,24693,5,1,2021-08-07,0.04551100020580029,0
772,Ultrasound,2,138,2018-09-21,Manufacturer_C,3537,10,1,2023-02-06,0.6877105745260612,0
773,Ventilator,9,129,2020-09-29,Manufacturer_B,25953,9,4,2023-07-01,0.7204981160808072,0
774,X-Ray Machine,1,118,2021-09-11,Manufacturer_D,5391,7,4,2023-01-01,0.9907329816104369,1
775,IV Pump,5,111,2019-03-19,Manufacturer_A,6759,7,2,2020-11-03,0.8336714258969387,1
776,X-Ray Machine,7,125,2021-07-27,Manufacturer_D,5953,9,4,2023-01-07,0.9897499567557091,1
777,Ventilator,4,164,2023-08-31,Manufacturer_A,18196,2,0,2023-09-02,0.03653189937128635,0
778,X-Ray Machine,8,142,2020-04-30,Manufacturer_C,15328,6,5,2021-10-25,0.9863182757303802,1
779,Anesthesia Machine,3,106,2022-06-01,Manufacturer_A,28610,10,5,2022-12-01,0.866657943585064,1
780,IV Pump,2,101,2019-06-17,Manufacturer_A,18009,7,5,2023-05-31,0.9779516675747281,1
781,Ultrasound,4,176,2022-11-04,Manufacturer_B,5786,9,4,2023-02-24,0.990052379207668,1
782,Hospital Bed,6,192,2022-09-08,Manufacturer_A,18250,1,3,2022-09-10,0.7183483210163112,0
783,X-Ray Machine,8,144,2019-04-11,Manufacturer_B,21796,7,5,2021-06-05,0.9571462652638514,1
784,Hospital Bed,4,158,2020-05-07,Manufacturer_D,20566,5,2,2022-03-11,0.2912280340994492,0
785,Hospital Bed,1,159,2022-05-17,Manufacturer_C,2431,3,3,2022-07-09,0.9781632549507914,1
786,X-Ray Machine,7,169,2019-10-29,Manufacturer_D,26153,9,1,2022-12-23,0.03530735208333038,0
787,MRI Machine,2,143,2018-11-10,Manufacturer_D,8062,3,1,2023-08-10,0.4924206749297435,0
788,Ventilator,1,137,2020-12-29,Manufacturer_D,26055,0,3,2021-10-14,0.3827990100242986,0
789,Anesthesia Machine,7,104,2022-01-19,Manufacturer_B,18060,7,5,2022-11-19,0.9777515667065384,1
790,Anesthesia Machine,9,134,2019-07-17,Manufacturer_A,11420,10,5,2020-11-09,0.993212746984986,1
791,Ultrasound,1,189,2021-07-16,Manufacturer_C,11633,10,1,2022-06-17,0.33687567935316814,0
792,IV Pump,3,100,2020-05-06,Manufacturer_D,21266,4,5,2022-02-22,0.9609162016223931,1
793,IV Pump,1,177,2023-04-21,Manufacturer_A,17809,10,0,2023-08-21,0.0390813675319543,0
794,IV Pump,8,141,2023-06-10,Manufacturer_B,21939,5,0,2023-08-05,0.018882766343444823,0
795,Anesthesia Machine,4,198,2020-07-19,Manufacturer_D,19859,7,5,2020-12-16,0.9694414002777592,1
796,Hospital Bed,7,118,2019-10-08,Manufacturer_D,8548,7,2,2020-09-02,0.7837704549716503,0
797,Anesthesia Machine,9,179,2019-11-27,Manufacturer_B,26495,3,0,2023-05-16,0.00836071395784502,0
798,MRI Machine,2,158,2021-05-24,Manufacturer_C,18799,9,4,2023-02-13,0.9040420254821848,1
799,Ventilator,7,170,2020-03-25,Manufacturer_D,26050,7,5,2020-09-23,0.9117748473568437,1
800,Defibrillator,5,193,2020-06-11,Manufacturer_B,22160,0,2,2022-08-06,0.23537613477230807,0
801,MRI Machine,2,116,2021-06-06,Manufacturer_D,28281,9,2,2023-09-13,0.09219775331812752,0
802,Ultrasound,7,169,2020-12-10,Manufacturer_D,3770,10,3,2021-04-25,0.9723343131695388,1
803,Anesthesia Machine,2,114,2019-04-24,Manufacturer_D,18502,7,0,2021-01-03,0.03463006763625635,0
804,MRI Machine,5,159,2018-11-19,Manufacturer_C,4701,2,3,2022-09-21,0.9674171943909896,1
805,IV Pump,3,109,2019-03-18,Manufacturer_C,4116,10,4,2020-10-27,0.9926301786754472,1
806,Hospital Bed,10,196,2021-07-02,Manufacturer_C,16335,2,5,2022-06-30,0.9836249877485107,1
807,Anesthesia Machine,1,198,2022-10-31,Manufacturer_D,28823,9,1,2023-06-14,0.02206565028152878,0
808,Defibrillator,6,110,2019-10-16,Manufacturer_D,3502,2,5,2021-05-15,0.9983745405473741,1
809,Ultrasound,2,141,2019-07-02,Manufacturer_A,7562,0,5,2020-03-02,0.9966143600147879,1
810,MRI Machine,9,192,2020-03-20,Manufacturer_C,10234,2,0,2021-11-23,0.1382450594810401,0
811,Hospital Bed,7,109,2019-09-26,Manufacturer_A,9233,2,5,2023-05-30,0.995422888413306,1
812,Defibrillator,8,133,2019-12-18,Manufacturer_B,15884,5,5,2022-02-23,0.9848902825653559,1
813,MRI Machine,10,100,2022-03-04,Manufacturer_B,29773,2,5,2022-03-21,0.8403769549038947,1
814,Defibrillator,9,117,2022-11-26,Manufacturer_C,5408,4,2,2023-08-02,0.8649029380312843,1
815,Ventilator,1,103,2022-05-20,Manufacturer_D,22677,6,3,2023-07-06,0.53351965349762,0
816,Anesthesia Machine,9,108,2019-01-16,Manufacturer_A,18413,3,5,2022-04-14,0.9763170938567766,1
817,Defibrillator,7,197,2019-05-26,Manufacturer_C,16478,6,2,2020-06-03,0.4628591155287872,0
818,X-Ray Machine,5,193,2023-08-30,Manufacturer_D,5403,5,5,2023-08-30,0.9977078021606437,1
819,Anesthesia Machine,5,140,2019-02-20,Manufacturer_C,5628,1,0,2021-06-22,0.2698248022617216,0
820,MRI Machine,10,153,2020-01-26,Manufacturer_B,8310,3,4,2022-05-06,0.9843755729601168,1
821,IV Pump,7,180,2020-12-31,Manufacturer_A,14686,4,1,2021-09-25,0.22612269306604346,0
822,MRI Machine,2,125,2019-08-19,Manufacturer_C,6797,10,4,2023-03-12,0.9880767468155668,1
823,Defibrillator,4,192,2021-04-05,Manufacturer_D,11519,10,5,2022-03-24,0.9930907679356065,1
824,Ultrasound,4,188,2019-02-27,Manufacturer_B,18748,9,0,2019-04-03,0.03317070390111965,0
825,Defibrillator,10,151,2021-09-07,Manufacturer_B,21979,5,3,2021-12-20,0.5648159739446266,0
826,Anesthesia Machine,9,122,2023-09-09,Manufacturer_D,19940,4,3,2023-09-09,0.652516661056964,0
827,Defibrillator,2,114,2022-11-12,Manufacturer_B,16086,10,5,2023-04-14,0.9843359269863277,1
828,IV Pump,2,182,2022-01-12,Manufacturer_B,4513,2,2,2023-02-28,0.8827531055784577,1
829,Hospital Bed,1,151,2023-07-12,Manufacturer_D,29550,6,3,2023-07-28,0.24771334037108134,0
830,MRI Machine,8,115,2021-07-01,Manufacturer_B,29604,1,2,2021-11-18,0.07400282563314077,0
831,Ventilator,8,151,2020-03-19,Manufacturer_D,4594,0,4,2020-03-26,0.9919688928063093,1
832,Ultrasound,10,120,2023-04-06,Manufacturer_C,25039,3,0,2023-06-22,0.010856837984547878,0
833,Ventilator,9,110,2020-07-13,Manufacturer_C,3106,8,3,2020-10-07,0.9753927295390976,1
834,Defibrillator,10,148,2023-09-01,Manufacturer_A,17304,5,0,2023-09-07,0.042665705795195435,0
835,MRI Machine,7,145,2020-11-21,Manufacturer_D,16024,10,0,2021-04-11,0.05320803133860792,0
836,IV Pump,7,124,2020-08-25,Manufacturer_B,6210,9,2,2021-11-12,0.8470089713306009,1
837,X-Ray Machine,6,118,2020-07-08,Manufacturer_C,18480,0,2,2020-11-19,0.3748364069322446,0
838,Anesthesia Machine,9,120,2019-09-23,Manufacturer_D,2273,0,3,2021-04-01,0.9787663559176913,1
839,Anesthesia Machine,3,108,2021-04-05,Manufacturer_C,697,5,5,2021-12-09,0.999021486440622,1
840,Ventilator,1,129,2023-04-03,Manufacturer_B,17129,0,5,2023-09-09,0.9811395152921768,1
841,Ventilator,8,180,2022-09-22,Manufacturer_A,8059,2,0,2023-03-10,0.1921785685346094,0
842,IV Pump,7,182,2019-01-14,Manufacturer_D,2811,4,4,2022-11-01,0.9941728374903752,1
843,Ventilator,9,105,2022-08-20,Manufacturer_D,8461,3,3,2023-07-02,0.9375952307806525,1
844,Defibrillator,9,101,2019-09-08,Manufacturer_A,19320,10,1,2023-08-20,0.11206300481261225,0
845,Ultrasound,1,140,2022-12-03,Manufacturer_C,23354,5,2,2023-05-04,0.1986893016764627,0
846,IV Pump,5,139,2020-12-04,Manufacturer_A,24641,10,0,2021-11-20,0.011659089998844189,0
847,IV Pump,2,134,2021-10-02,Manufacturer_B,21094,2,2,2022-01-16,0.2718848234245285,0
848,IV Pump,5,132,2018-10-20,Manufacturer_A,6981,8,1,2021-05-23,0.5412848703911893,0
849,IV Pump,2,171,2020-03-04,Manufacturer_A,18838,0,0,2021-03-13,0.032651771172526774,0
850,MRI Machine,2,162,2021-04-21,Manufacturer_A,23678,2,1,2023-07-25,0.05420038050770492,0
851,Defibrillator,8,140,2020-12-22,Manufacturer_A,28568,10,4,2021-07-13,0.6161398269122372,0
852,MRI Machine,6,188,2021-07-25,Manufacturer_A,27338,5,2,2022-02-03,0.10752691250093767,0
853,Anesthesia Machine,9,167,2019-01-17,Manufacturer_B,12280,3,4,2022-05-20,0.9684449959111611,1
854,Hospital Bed,5,125,2022-01-12,Manufacturer_B,17065,1,3,2022-12-12,0.7596862619163682,0
855,X-Ray Machine,2,156,2021-03-11,Manufacturer_A,19301,3,5,2022-03-11,0.9722981201395104,1
856,X-Ray Machine,8,148,2019-03-29,Manufacturer_B,7687,9,5,2020-02-24,0.9965370852686576,1
857,IV Pump,2,156,2019-07-11,Manufacturer_C,27904,0,1,2022-06-17,0.025959058756270616,0
858,Anesthesia Machine,5,162,2022-09-30,Manufacturer_A,24814,2,0,2023-07-17,0.011303415555813516,0
859,Ventilator,1,191,2023-07-12,Manufacturer_D,8313,10,4,2023-08-28,0.9843672117868898,1
860,Ultrasound,9,154,2021-09-09,Manufacturer_C,26060,4,4,2021-09-23,0.7165778580162193,0
861,Ventilator,9,124,2022-01-02,Manufacturer_D,23850,1,0,2022-07-08,0.013431334624153118,0
862,MRI Machine,3,128,2023-08-16,Manufacturer_A,3384,9,1,2023-08-20,0.6936321833804422,0
863,Ventilator,4,106,2020-06-11,Manufacturer_A,15136,9,0,2023-08-22,0.06191963209456191,0
864,Ventilator,7,142,2023-01-21,Manufacturer_D,26593,8,2,2023-07-16,0.12118142983564452,0
865,Ventilator,4,128,2021-12-11,Manufacturer_D,9861,9,1,2023-02-24,0.41187254027781656,0
866,Defibrillator,5,109,2019-01-25,Manufacturer_D,11716,3,4,2020-04-04,0.97142230511576,1
867,X-Ray Machine,10,147,2020-04-04,Manufacturer_A,26425,4,5,2020-08-25,0.9061549495564775,1
868,Ventilator,8,164,2018-12-01,Manufacturer_C,2298,8,1,2021-06-15,0.7337821406486047,0
869,Ultrasound,1,169,2019-11-08,Manufacturer_C,7131,6,3,2020-11-15,0.9502928713905242,1
870,MRI Machine,2,131,2019-04-22,Manufacturer_D,4472,9,3,2019-10-23,0.9686998275036838,1
871,Ultrasound,4,146,2019-03-17,Manufacturer_A,23424,10,1,2022-04-18,0.056608207167987874,0
872,Defibrillator,9,113,2022-06-06,Manufacturer_A,29128,9,5,2023-01-08,0.8554354926183425,1
873,IV Pump,8,169,2023-08-03,Manufacturer_D,18254,9,4,2023-08-25,0.9122721315439176,1
874,Defibrillator,10,163,2020-11-27,Manufacturer_D,4043,2,5,2021-10-10,0.998207463413576,1
875,Defibrillator,7,180,2021-07-29,Manufacturer_D,17635,7,5,2021-11-26,0.9793662542098801,1
876,Hospital Bed,1,125,2019-06-26,Manufacturer_C,3575,1,0,2022-06-01,0.3489662225711148,0
877,Ultrasound,10,140,2020-06-17,Manufacturer_B,24812,7,5,2021-04-06,0.9282277579128649,1
878,Hospital Bed,10,154,2021-12-26,Manufacturer_C,28712,2,0,2023-01-05,0.005610710685269656,0
879,Hospital Bed,9,193,2021-04-24,Manufacturer_A,27234,10,4,2021-06-23,0.671475355980064,0
880,IV Pump,2,199,2022-02-01,Manufacturer_A,763,10,2,2022-12-06,0.9369156480792404,1
881,Ultrasound,1,194,2020-11-12,Manufacturer_A,25216,9,0,2023-06-11,0.010517832331891132,0
882,Defibrillator,6,127,2018-09-25,Manufacturer_D,3557,10,1,2020-08-24,0.686931902309649,0
883,Ultrasound,6,191,2018-12-15,Manufacturer_B,11035,8,1,2021-10-17,0.361487508953927,0
884,Ultrasound,4,106,2021-01-14,Manufacturer_A,17066,3,0,2023-08-13,0.04446195608636009,0
885,IV Pump,7,131,2019-05-14,Manufacturer_C,26400,7,4,2021-04-18,0.703903202056049,0
886,Defibrillator,7,188,2021-12-19,Manufacturer_D,28596,5,0,2023-09-14,0.005729183458023947,0
887,X-Ray Machine,5,140,2021-09-03,Manufacturer_C,18462,3,0,2022-11-09,0.034873141877981774,0
888,MRI Machine,6,153,2022-05-24,Manufacturer_A,28128,0,4,2022-07-23,0.6348097233596953,0
889,IV Pump,5,174,2022-05-24,Manufacturer_A,12176,3,4,2023-08-28,0.9690157043439577,1
890,Ultrasound,10,195,2023-05-16,Manufacturer_A,22538,0,1,2023-08-05,0.06581551680368557,0
891,IV Pump,3,193,2020-12-19,Manufacturer_C,21583,8,4,2023-07-20,0.8505105476317834,1
892,IV Pump,2,160,2021-02-03,Manufacturer_A,1263,2,4,2022-04-02,0.9955915740641156,1
893,MRI Machine,6,188,2021-09-08,Manufacturer_A,5799,10,5,2022-03-10,0.9975377372899394,1
894,Hospital Bed,9,150,2022-07-28,Manufacturer_A,3220,10,1,2022-08-18,0.6999092952278548,0
895,Ultrasound,10,134,2023-01-13,Manufacturer_D,3669,3,4,2023-05-14,0.9931995583015777,1
896,MRI Machine,10,175,2022-06-02,Manufacturer_D,10847,8,4,2023-03-06,0.9754829624770464,1
897,IV Pump,5,145,2021-02-17,Manufacturer_D,16543,10,0,2021-05-09,0.048665608311189976,0
898,IV Pump,5,112,2022-05-14,Manufacturer_D,8200,1,4,2023-07-27,0.9846791284852858,1
899,Defibrillator,10,115,2023-07-19,Manufacturer_B,27205,10,5,2023-08-26,0.8934293452899509,1
900,Anesthesia Machine,6,135,2019-01-13,Manufacturer_C,14561,4,5,2020-06-19,0.9880720269117629,1
901,IV Pump,4,123,2023-07-29,Manufacturer_B,14369,4,0,2023-08-06,0.07049914058885437,0
902,MRI Machine,5,117,2019-12-18,Manufacturer_B,12848,2,2,2022-12-26,0.6245203779198427,0
903,MRI Machine,10,160,2019-11-23,Manufacturer_D,7940,3,0,2019-12-17,0.19554762805360454,0
904,X-Ray Machine,9,131,2019-06-15,Manufacturer_A,10271,6,5,2023-05-17,0.9944811604188711,1
905,Ultrasound,7,110,2019-01-22,Manufacturer_C,24464,9,5,2023-02-26,0.9323161041521161,1
906,Ventilator,10,136,2021-09-24,Manufacturer_B,24021,9,4,2023-03-08,0.7853192746248184,0
907,Anesthesia Machine,6,131,2020-06-25,Manufacturer_D,23913,5,1,2022-01-26,0.052058937997118075,0
908,Defibrillator,5,181,2020-01-11,Manufacturer_A,2547,2,1,2023-02-27,0.7248778313409686,0
909,X-Ray Machine,7,148,2019-06-03,Manufacturer_A,21028,1,3,2019-06-22,0.6065936025284097,0
910,Hospital Bed,7,150,2019-05-19,Manufacturer_A,13396,10,5,2022-09-21,0.9903195838353178,1
911,Ultrasound,5,185,2022-05-02,Manufacturer_D,16392,3,2,2023-08-02,0.4667347675412062,0
912,MRI Machine,1,107,2023-02-23,Manufacturer_D,4806,9,0,2023-05-25,0.3001472836384086,0
913,MRI Machine,10,185,2021-11-08,Manufacturer_C,29223,5,3,2022-12-21,0.25891695134181725,0
914,Ventilator,3,196,2022-05-04,Manufacturer_B,8694,4,1,2023-02-25,0.46385966116571437,0
915,Ventilator,4,123,2021-12-18,Manufacturer_D,17905,1,4,2023-05-11,0.9172020281540088,1
916,X-Ray Machine,5,109,2023-02-27,Manufacturer_D,670,0,1,2023-06-23,0.7873170794654444,0
917,IV Pump,8,149,2021-01-09,Manufacturer_D,11883,9,2,2023-08-24,0.6645419125934902,0
918,Anesthesia Machine,1,102,2022-07-13,Manufacturer_A,23001,7,0,2022-11-21,0.015629593020130523,0
919,IV Pump,9,131,2021-10-25,Manufacturer_A,29665,8,1,2022-09-30,0.019003258188381694,0
920,Ultrasound,1,136,2019-02-03,Manufacturer_C,3993,3,2,2023-03-19,0.892157204482543,1
921,Hospital Bed,10,146,2022-01-25,Manufacturer_A,22364,4,3,2023-01-09,0.5476013188235077,0
922,Defibrillator,7,192,2022-12-31,Manufacturer_A,10410,7,5,2023-06-20,0.9943412196404305,1
923,Ultrasound,3,130,2022-10-27,Manufacturer_B,28785,8,2,2023-02-23,0.08483498584760399,0
924,MRI Machine,5,147,2022-04-15,Manufacturer_B,4467,0,4,2023-02-12,0.9921501256030882,1
925,MRI Machine,6,155,2023-01-11,Manufacturer_A,4325,2,5,2023-05-12,0.9981136846248784,1
926,X-Ray Machine,10,183,2020-08-30,Manufacturer_A,21162,3,5,2021-06-30,0.9616176802397763,1
927,Hospital Bed,8,100,2019-10-09,Manufacturer_B,17791,0,4,2020-06-13,0.9187569730361254,1
928,IV Pump,7,171,2022-09-26,Manufacturer_A,19524,3,4,2023-06-10,0.892027768938951,1
929,Hospital Bed,4,163,2023-06-24,Manufacturer_D,3603,2,5,2023-07-05,0.9983445748797707,1
930,Ultrasound,3,103,2022-08-10,Manufacturer_A,1308,4,2,2022-10-09,0.9308221372931782,1
931,MRI Machine,2,162,2021-05-29,Manufacturer_C,10462,1,3,2021-07-11,0.9127091647222915,1
932,Ultrasound,10,126,2021-07-28,Manufacturer_D,15159,1,4,2022-02-22,0.9479646830774942,1
933,Ventilator,6,148,2022-06-03,Manufacturer_B,20169,0,2,2023-01-04,0.30629331959065836,0
934,Hospital Bed,3,192,2018-09-27,Manufacturer_D,7713,2,5,2021-11-17,0.9965207926299996,1
935,IV Pump,4,199,2020-08-05,Manufacturer_B,14005,6,2,2022-12-14,0.5742409531303381,0
936,Ultrasound,6,155,2019-12-20,Manufacturer_B,20813,10,2,2020-04-01,0.28207862020876157,0
937,MRI Machine,10,178,2018-10-24,Manufacturer_C,5502,3,3,2019-10-17,0.9625195347887596,1
938,Anesthesia Machine,8,159,2020-08-11,Manufacturer_D,3659,10,3,2022-03-30,0.9728701428014994,1
939,MRI Machine,5,144,2020-09-18,Manufacturer_C,29782,4,5,2021-03-11,0.8401581183175922,1
940,X-Ray Machine,4,182,2022-09-02,Manufacturer_D,20124,0,3,2023-05-20,0.6449206905700828,0
941,Ultrasound,4,177,2021-10-13,Manufacturer_D,13577,2,5,2023-02-14,0.990000125418269,1
942,Hospital Bed,2,173,2021-10-28,Manufacturer_A,25113,0,1,2021-11-30,0.04231772543703635,0
943,Defibrillator,7,192,2019-03-13,Manufacturer_A,624,9,2,2021-02-28,0.9383877193908908,1
944,MRI Machine,8,177,2021-03-01,Manufacturer_D,20582,6,3,2021-03-30,0.6257001522606885,0
945,MRI Machine,6,147,2019-01-26,Manufacturer_A,5346,6,5,2020-02-28,0.9977312966966874,1
946,Defibrillator,1,135,2019-03-22,Manufacturer_C,8905,5,1,2020-10-03,0.45436757008505513,0
947,Anesthesia Machine,9,131,2020-05-19,Manufacturer_C,29745,0,2,2020-11-14,0.07227133505247704,0
948,Ventilator,8,142,2019-10-11,Manufacturer_B,23609,7,1,2022-10-11,0.05484475521304172,0
949,Ultrasound,4,109,2020-09-22,Manufacturer_D,27190,2,3,2022-08-18,0.3355244325909017,0
950,Hospital Bed,7,195,2020-01-26,Manufacturer_A,620,1,5,2023-01-08,0.9990350283351921,1
951,Anesthesia Machine,1,172,2019-05-15,Manufacturer_C,943,2,4,2021-09-10,0.9958388385201121,1
952,Anesthesia Machine,5,154,2021-03-28,Manufacturer_C,702,1,2,2022-03-24,0.9375656616478207,1
953,Ventilator,1,116,2022-01-03,Manufacturer_D,28355,7,2,2022-07-21,0.09108182645655893,0
954,Ultrasound,1,160,2022-03-23,Manufacturer_B,15207,1,1,2022-11-10,0.21003392836204157,0
955,Ultrasound,8,160,2020-07-08,Manufacturer_D,10356,4,0,2022-01-13,0.1356329953077693,0
956,Anesthesia Machine,8,109,2018-12-26,Manufacturer_A,15676,7,2,2022-05-31,0.49911352506265994,0
957,Hospital Bed,6,124,2022-09-19,Manufacturer_C,7533,7,1,2023-03-13,0.5163728907503305,0
958,Anesthesia Machine,8,102,2019-11-05,Manufacturer_B,8834,8,3,2022-03-14,0.9335226083180213,1
959,IV Pump,4,197,2019-01-26,Manufacturer_C,8340,5,4,2019-07-02,0.984291762811829,1
960,Ventilator,2,172,2021-07-11,Manufacturer_C,21557,10,5,2023-06-03,0.9588874822049014,1
961,Hospital Bed,4,135,2019-11-22,Manufacturer_B,8889,10,4,2020-11-17,0.9826775769933995,1
962,Anesthesia Machine,1,179,2022-04-09,Manufacturer_B,2514,1,0,2022-05-01,0.393798355314613,0
963,X-Ray Machine,8,187,2019-12-18,Manufacturer_B,28232,0,3,2020-09-13,0.29482293731341663,0
964,X-Ray Machine,4,183,2022-02-25,Manufacturer_A,3084,6,1,2023-01-12,0.7050585484358922,0
965,X-Ray Machine,4,127,2021-12-28,Manufacturer_D,10603,2,5,2022-05-23,0.994141044858153,1
966,Hospital Bed,1,113,2018-11-12,Manufacturer_D,4103,4,2,2022-12-04,0.890224859346762,1
967,Ventilator,10,137,2021-09-26,Manufacturer_B,18355,10,5,2023-05-20,0.9765588338208856,1
968,Ultrasound,8,127,2022-09-07,Manufacturer_B,3102,10,2,2022-09-28,0.9067331096165999,1
969,Anesthesia Machine,6,198,2018-10-09,Manufacturer_B,27373,3,3,2019-08-07,0.3281738846089526,0
970,IV Pump,9,187,2019-01-09,Manufacturer_A,11761,7,4,2020-06-25,0.9711951176575584,1
971,Ultrasound,8,138,2023-03-05,Manufacturer_C,8836,2,0,2023-07-05,0.17126636032296355,0
972,Ventilator,1,181,2023-07-07,Manufacturer_D,18955,3,2,2023-09-10,0.3548985648901184,0
973,Hospital Bed,4,152,2022-02-20,Manufacturer_C,17883,3,3,2023-07-17,0.7316028143839902,0
974,Hospital Bed,6,111,2020-08-17,Manufacturer_C,20185,1,0,2021-05-29,0.02576377348039819,0
975,Hospital Bed,7,139,2021-09-13,Manufacturer_D,29548,6,1,2022-06-13,0.01940245053629617,0
976,IV Pump,10,176,2021-12-27,Manufacturer_A,1621,9,1,2022-11-08,0.7570445005480704,0
977,IV Pump,6,175,2018-10-21,Manufacturer_C,21045,10,0,2021-06-29,0.02212911226465293,0
978,IV Pump,1,109,2022-11-24,Manufacturer_D,11313,4,1,2023-03-09,0.3499459634419945,0
979,Anesthesia Machine,10,148,2021-07-18,Manufacturer_C,14127,8,2,2022-07-31,0.5688286753986466,0
980,Defibrillator,1,126,2020-07-28,Manufacturer_C,18440,4,3,2022-04-10,0.7113321382916562,0
981,X-Ray Machine,5,180,2021-06-24,Manufacturer_A,26592,1,4,2023-06-06,0.6966025500866823,0
982,Defibrillator,8,181,2020-04-27,Manufacturer_C,29506,0,3,2021-12-02,0.24920175552270815,0
983,Ventilator,6,168,2018-11-08,Manufacturer_B,17548,10,5,2023-03-28,0.9796823591925131,1
984,Hospital Bed,4,130,2021-12-28,Manufacturer_A,10650,4,1,2022-11-16,0.3777365772436141,0
985,Ventilator,4,175,2020-06-30,Manufacturer_C,19910,3,2,2022-09-11,0.31635255048790883,0
986,X-Ray Machine,10,109,2019-06-20,Manufacturer_A,12136,8,1,2021-12-02,0.3168311795881796,0
987,Anesthesia Machine,9,149,2023-08-03,Manufacturer_B,28018,1,2,2023-08-19,0.09626379338644747,0
988,Anesthesia Machine,1,149,2021-12-02,Manufacturer_D,9476,6,3,2022-01-19,0.9259306394806427,1
989,X-Ray Machine,4,142,2019-09-09,Manufacturer_B,19590,10,5,2022-11-02,0.9708525287008897,1
990,Defibrillator,9,101,2022-01-25,Manufacturer_D,16979,7,0,2023-07-08,0.04513639533099239,0
991,MRI Machine,9,115,2021-08-16,Manufacturer_B,16038,7,4,2022-02-16,0.9395255093761624,1
992,IV Pump,6,181,2019-07-30,Manufacturer_A,2117,10,1,2021-10-13,0.7401382956220309,0
993,MRI Machine,3,183,2022-11-19,Manufacturer_C,16913,10,2,2023-09-03,0.44333372669768917,0
994,IV Pump,4,186,2022-07-24,Manufacturer_B,13124,7,2,2023-03-25,0.6127245031461517,0
995,Defibrillator,6,145,2021-05-22,Manufacturer_C,23152,3,1,2021-06-01,0.05929795265723705,0
996,Anesthesia Machine,1,116,2020-12-03,Manufacturer_D,9455,9,2,2021-07-25,0.754630290524733,0
997,Anesthesia Machine,7,169,2021-10-20,Manufacturer_B,4676,1,2,2023-07-10,0.8796621017607867,1
998,Hospital Bed,4,161,2023-01-23,Manufacturer_A,17089,7,3,2023-01-29,0.7588916029898632,0
999,Ventilator,8,145,2023-05-24,Manufacturer_C,19080,5,3,2023-05-25,0.6869544178477939,0
1000,Defibrillator,4,111,2023-07-19,Manufacturer_B,23634,3,3,2023-07-29,0.49022828073556474,0
