Asset ID,Asset Type,Floor,Room,Installation Date,Manufacturer,Operational Time (hrs),Work Orders,Repairs,Last Serviced Date,Health Index,Failure_Probability,Predicted_Failure_Next_Month
1,Coffee Machine,3,124,2021-11-22,Manufacturer_Y,3119,7,1,2022-02-16,34,7.586755257915471e-05,0
2,Laptop,5,182,2023-02-22,Manufacturer_Z,2590,9,1,2023-05-01,48,7.567198493371239e-05,0
3,Coffee Machine,5,113,2019-01-17,Manufacturer_W,4183,6,1,2020-01-30,8,7.626243789199478e-05,0
4,Laptop,3,107,2019-06-05,Manufacturer_W,1832,1,1,2022-06-11,7,7.539263588464438e-05,0
5,Laptop,1,141,2020-04-16,Manufacturer_Z,4081,4,4,2023-09-14,70,0.9999226736763073,1
6,Printer,7,111,2020-07-25,Manufacturer_W,1230,5,2,2023-09-14,13,0.039952956392112986,0
7,Projector,5,107,2020-06-25,Manufacturer_Y,935,4,2,2022-10-18,12,0.03989777986077404,0
8,Conference Phone,3,127,2020-03-03,Manufacturer_W,4769,10,5,2022-01-31,27,0.9999998607701227,1
9,Laptop,4,166,2019-08-26,Manufacturer_Z,4042,7,4,2022-08-06,97,0.9999226589606987,1
10,Laptop,7,185,2019-02-25,Manufacturer_X,3027,5,4,2022-08-02,46,0.9999222749912003,1
11,Laptop,5,152,2019-08-19,Manufacturer_W,3619,6,0,2022-02-19,31,1.3739726109446515e-07,0
12,Laptop,1,112,2020-04-22,Manufacturer_Y,875,9,2,2023-05-13,2,0.0398865664566235,0
13,Desktop Computer,10,163,2023-01-11,Manufacturer_X,3765,8,5,2023-09-08,35,0.9999998600863547,1
14,Printer,6,104,2023-01-22,Manufacturer_Z,4772,4,2,2023-05-26,75,0.04062118421507706,0
15,Laptop,8,158,2019-07-31,Manufacturer_X,1578,6,4,2022-02-25,9,0.9999217235363971,1
16,Desktop Computer,3,160,2019-05-09,Manufacturer_W,1000,9,0,2023-06-28,50,1.3565256432043834e-07,0
17,Scanner,3,166,2022-10-01,Manufacturer_X,798,1,4,2023-06-20,16,0.9999214250689794,1
18,Projector,2,115,2022-05-24,Manufacturer_Y,286,6,5,2022-05-25,47,0.9999998576909193,1
19,Laptop,2,119,2023-01-18,Manufacturer_X,1316,1,3,2023-05-26,46,0.9584142864500024,1
20,Desktop Computer,1,193,2023-08-22,Manufacturer_W,683,2,4,2023-08-31,4,0.9999213809680155,1
21,Desktop Computer,10,150,2022-09-21,Manufacturer_Z,1119,7,0,2022-11-21,51,1.357313558494032e-07,0
22,Scanner,5,146,2022-02-15,Manufacturer_Z,4202,1,5,2023-03-17,5,0.9999998603843827,1
23,Desktop Computer,7,189,2018-10-23,Manufacturer_W,2069,5,1,2022-04-24,47,7.54798675487983e-05,0
24,Laptop,2,131,2021-07-02,Manufacturer_W,4368,9,2,2022-05-11,23,0.040544428744782014,0
25,Air Conditioner,7,149,2021-03-10,Manufacturer_X,2646,17,8,2022-04-16,50,0.9999999999999991,1
26,Conference Phone,1,153,2022-03-24,Manufacturer_Z,705,7,1,2022-06-06,30,7.497920282239416e-05,0
27,Scanner,9,179,2022-02-21,Manufacturer_Y,1419,3,3,2023-08-13,21,0.9584343133221892,1
28,Laptop,3,112,2023-08-19,Manufacturer_W,4299,6,0,2023-08-29,23,1.3785391393386226e-07,0
29,Laptop,5,189,2021-07-21,Manufacturer_Z,3133,8,3,2021-10-18,32,0.9587662247265903,1
30,Laptop,4,113,2021-10-10,Manufacturer_Y,4176,4,1,2022-01-04,40,7.625983325797475e-05,0
31,Desktop Computer,2,189,2019-05-05,Manufacturer_Y,2739,9,5,2022-01-11,38,0.9999998593841342,1
32,Scanner,7,128,2022-09-20,Manufacturer_W,2876,10,4,2023-05-22,11,0.999922217705995,1
33,Laptop,7,116,2019-10-19,Manufacturer_Y,3342,9,0,2022-01-26,13,1.3721167610913084e-07,0
34,Desktop Computer,5,104,2020-10-19,Manufacturer_Z,4518,8,0,2022-01-20,49,1.3800130587757353e-07,0
35,Printer,3,170,2022-07-07,Manufacturer_W,3459,2,3,2022-12-04,25,0.9588290660085274,1
36,Desktop Computer,1,107,2020-08-01,Manufacturer_Z,3879,2,5,2023-09-04,41,0.9999998601641622,1
37,Printer,1,192,2022-10-17,Manufacturer_X,3800,10,2,2022-12-17,28,0.040436750008770804,0
38,Laptop,3,196,2022-05-10,Manufacturer_Z,3381,7,4,2022-06-22,29,0.9999224091236415,1
39,Conference Phone,6,180,2020-07-07,Manufacturer_Y,4107,6,1,2021-11-23,29,7.623416376764092e-05,0
40,Desktop Computer,10,110,2023-08-06,Manufacturer_Z,2127,1,4,2023-09-03,17,0.9999219329315283,1
41,Laptop,7,110,2021-04-24,Manufacturer_W,3013,6,4,2023-03-09,34,0.999922269681764,1
42,Desktop Computer,4,118,2023-02-01,Manufacturer_W,1271,9,5,2023-02-15,1,0.9999998583732644,1
43,Air Conditioner,5,192,2019-04-13,Manufacturer_Z,7146,7,3,2020-07-24,30,0.9595334373637081,1
44,Projector,6,158,2022-12-21,Manufacturer_Z,501,8,5,2023-03-30,35,0.9999998578401375,1
45,Laptop,8,176,2019-10-22,Manufacturer_Y,3322,8,4,2022-07-08,38,0.999922386784319,1
46,Projector,10,184,2019-07-20,Manufacturer_Y,635,6,0,2020-02-25,81,1.354111780042467e-07,0
47,Desktop Computer,7,136,2020-10-12,Manufacturer_Y,4531,2,5,2023-01-28,3,0.999999860608337,1
48,Desktop Computer,10,184,2022-04-22,Manufacturer_Z,4126,6,5,2023-06-09,38,0.9999998603325972,1
49,Printer,1,140,2020-10-20,Manufacturer_Z,907,4,2,2023-03-18,12,0.03989254656288412,0
50,Desktop Computer,9,135,2020-05-13,Manufacturer_X,2833,0,2,2021-09-21,68,0.04025406062384312,0
51,Desktop Computer,2,161,2021-10-25,Manufacturer_Y,3368,10,5,2023-07-04,67,0.9999998598150547,1
52,Desktop Computer,4,126,2019-09-13,Manufacturer_W,3682,6,0,2020-09-01,23,1.3743950497855267e-07,0
53,Laptop,5,176,2020-06-20,Manufacturer_X,1956,2,2,2022-10-17,16,0.04008905838563472,0
54,Laptop,10,143,2022-02-05,Manufacturer_W,2680,10,2,2023-03-20,9,0.04022522782022294,0
55,Air Conditioner,3,134,2021-03-14,Manufacturer_Y,5532,17,3,2022-03-24,48,0.9592265275119284,1
56,Printer,8,190,2018-09-23,Manufacturer_Y,1186,3,5,2022-06-25,42,0.999999858314511,1
57,Desktop Computer,8,134,2019-11-03,Manufacturer_X,3747,4,2,2021-01-24,49,0.040426716504819514,0
58,Laptop,9,181,2020-03-10,Manufacturer_Z,4379,4,0,2021-09-04,50,1.3790773748141535e-07,0
59,Desktop Computer,4,192,2018-10-08,Manufacturer_Y,4018,9,2,2020-12-28,21,0.04047804498148053,0
60,Desktop Computer,9,163,2023-05-13,Manufacturer_X,4050,7,2,2023-08-11,28,0.040484110027591995,0
61,Desktop Computer,9,166,2019-03-01,Manufacturer_Z,3064,4,1,2021-08-19,10,7.584719594043688e-05,0
62,Air Conditioner,7,111,2020-06-03,Manufacturer_X,3431,11,0,2023-04-19,27,1.3727127714999756e-07,0
63,Desktop Computer,5,128,2019-08-10,Manufacturer_X,1986,5,1,2020-04-27,42,7.54493065859261e-05,0
64,Printer,3,171,2022-09-17,Manufacturer_Z,683,0,0,2023-08-26,31,1.3544289741255634e-07,0
65,Laptop,2,100,2018-11-27,Manufacturer_Y,832,8,0,2020-09-11,16,1.355414070801968e-07,0
66,Laptop,10,187,2023-02-19,Manufacturer_Z,4227,4,1,2023-09-16,24,7.627881191424682e-05,0
67,Laptop,10,130,2018-11-21,Manufacturer_W,1068,0,2,2021-07-21,4,0.03992264701280154,0
68,Desktop Computer,9,152,2021-12-07,Manufacturer_X,3643,0,1,2023-04-13,1,7.606177000148517e-05,0
69,Coffee Machine,3,182,2021-05-23,Manufacturer_Z,1840,6,2,2021-06-26,34,0.04006728227793919,0
70,Desktop Computer,6,162,2019-07-18,Manufacturer_Z,966,10,1,2020-05-02,48,7.507474691084338e-05,0
71,Desktop Computer,3,120,2023-08-27,Manufacturer_W,1859,4,3,2023-09-05,12,0.958519761164,1
72,Desktop Computer,1,141,2023-06-14,Manufacturer_W,4172,8,4,2023-08-10,1,0.9999227080018404,1
73,Air Conditioner,2,116,2019-11-29,Manufacturer_Y,4310,12,4,2020-02-07,4,0.9999227600268755,1
74,Air Conditioner,6,111,2022-12-03,Manufacturer_X,9218,14,2,2023-02-20,75,0.0414751163391043,0
75,Projector,3,142,2020-02-09,Manufacturer_W,575,4,3,2022-02-23,24,0.9582699373318361,1
76,Desktop Computer,9,161,2021-12-01,Manufacturer_Z,2785,7,3,2022-02-08,16,0.9586990413319814,1
77,Air Conditioner,8,118,2022-02-21,Manufacturer_X,5544,18,9,2022-11-02,49,1.0,1
78,Scanner,1,127,2022-05-08,Manufacturer_X,2636,3,3,2023-05-30,91,0.9586702440129935,1
79,Coffee Machine,9,123,2020-07-20,Manufacturer_Z,939,7,4,2022-08-04,15,0.9999214791068403,1
80,Printer,10,152,2018-10-27,Manufacturer_Y,2551,4,3,2022-06-28,34,0.9586538074065142,1
81,Laptop,10,139,2019-09-09,Manufacturer_Z,4789,1,1,2020-01-27,38,7.648826229617751e-05,0
82,Desktop Computer,1,106,2021-08-14,Manufacturer_Z,4860,5,0,2022-06-11,13,1.3823179487031368e-07,0
83,Conference Phone,8,133,2023-01-01,Manufacturer_W,2999,6,5,2023-09-10,14,0.9999998595624175,1
84,Air Conditioner,6,166,2022-05-07,Manufacturer_W,4147,13,8,2023-02-24,11,0.9999999999999991,1
85,Scanner,8,180,2022-10-15,Manufacturer_Y,3131,7,5,2022-12-05,17,0.999999859652844,1
86,Printer,7,155,2022-09-28,Manufacturer_Z,958,4,2,2022-10-17,48,0.039902079133418776,0
87,Laptop,5,193,2021-02-27,Manufacturer_Z,1603,8,1,2023-07-03,42,7.530844450939249e-05,0
88,Laptop,6,171,2021-06-20,Manufacturer_Z,3257,4,1,2022-01-23,22,7.591865328985762e-05,0
89,Air Conditioner,6,169,2022-10-21,Manufacturer_Y,5902,6,8,2023-04-02,71,0.9999999999999991,1
90,Coffee Machine,6,174,2019-12-08,Manufacturer_W,930,4,2,2023-07-10,24,0.03989684529503719,0
91,Air Conditioner,5,161,2019-04-24,Manufacturer_W,7104,5,9,2020-08-02,45,1.0,1
92,Desktop Computer,10,105,2019-06-28,Manufacturer_W,1514,8,1,2021-09-30,38,7.527574921788298e-05,0
93,Laptop,2,183,2022-07-28,Manufacturer_Z,3311,2,5,2023-03-07,13,0.999999859776059,1
94,Desktop Computer,2,111,2021-02-26,Manufacturer_Y,1216,8,0,2022-03-26,39,1.3579561473176255e-07,0
95,Desktop Computer,6,179,2022-05-16,Manufacturer_W,4633,6,2,2022-11-04,11,0.04059476008397759,0
96,Desktop Computer,10,190,2022-10-01,Manufacturer_X,3794,10,1,2023-05-07,46,7.611782945295402e-05,0
97,Desktop Computer,4,139,2023-03-11,Manufacturer_Z,4820,3,5,2023-05-24,5,0.9999998608047668,1
98,Coffee Machine,8,163,2019-02-07,Manufacturer_W,4794,2,2,2023-03-07,2,0.04062536796121385,0
99,Desktop Computer,9,164,2019-11-20,Manufacturer_Y,914,3,5,2023-04-06,1,0.9999998581263364,1
100,Laptop,4,154,2021-02-19,Manufacturer_X,744,2,4,2023-07-23,13,0.999921404363782,1
101,Desktop Computer,2,178,2023-01-24,Manufacturer_X,3366,2,2,2023-03-25,50,0.04035465902161964,0
102,Desktop Computer,3,123,2019-01-18,Manufacturer_Y,4866,3,0,2019-03-30,21,1.3823584197107198e-07,0
103,Laptop,1,187,2020-12-23,Manufacturer_X,3202,0,1,2022-05-11,37,7.589828294093388e-05,0
104,Air Conditioner,9,156,2019-02-10,Manufacturer_X,7488,9,7,2021-06-30,5,0.9999999999995517,1
105,Desktop Computer,1,162,2022-08-08,Manufacturer_X,583,3,5,2022-11-15,22,0.9999998578970073,1
106,Laptop,9,128,2020-05-03,Manufacturer_W,4906,4,2,2020-05-08,50,0.040646673431062576,0
107,Desktop Computer,10,157,2023-03-01,Manufacturer_Z,790,9,0,2023-04-26,30,1.355136320051031e-07,0
108,Desktop Computer,1,158,2019-09-03,Manufacturer_Z,3370,0,4,2021-07-09,27,0.9999224049591706,1
109,Desktop Computer,7,145,2023-03-28,Manufacturer_X,1319,3,0,2023-09-12,45,1.35863881693406e-07,0
110,Desktop Computer,1,123,2023-05-14,Manufacturer_Y,4049,6,3,2023-09-02,1,0.9589425641755899,1
111,Projector,5,152,2020-07-21,Manufacturer_Z,272,5,3,2021-11-05,10,0.9582107740401888,1
112,Desktop Computer,7,136,2021-03-26,Manufacturer_Z,2718,10,0,2021-12-03,7,1.367945252782684e-07,0
113,Desktop Computer,4,170,2023-05-14,Manufacturer_W,2196,5,5,2023-08-02,14,0.999999859011066,1
114,Printer,8,157,2019-10-08,Manufacturer_X,4853,10,0,2021-05-06,12,1.382270734025151e-07,0
115,Printer,2,105,2020-05-15,Manufacturer_Y,3018,5,0,2020-09-01,1,1.3699492003117769e-07,0
116,Scanner,8,102,2018-12-06,Manufacturer_Y,4056,7,1,2019-12-14,16,7.621519621926657e-05,0
117,Laptop,2,142,2020-02-03,Manufacturer_X,1020,2,2,2020-10-21,38,0.039913670688901365,0
118,Printer,3,130,2020-04-16,Manufacturer_Z,2673,2,2,2021-01-26,50,0.040223909145795045,0
119,Projector,7,142,2022-03-24,Manufacturer_W,733,6,3,2023-06-02,8,0.9583007563695433,1
120,Laptop,9,105,2022-12-05,Manufacturer_Y,2483,0,4,2023-09-01,28,0.9999220684147109,1
121,Laptop,10,139,2018-10-11,Manufacturer_Y,944,10,0,2021-07-26,39,1.3561550178184543e-07,0
122,Printer,5,152,2022-09-01,Manufacturer_X,4240,9,2,2023-08-05,27,0.0405201391694475,0
123,Air Conditioner,9,198,2019-11-06,Manufacturer_W,2546,14,8,2023-03-06,16,0.9999999999999991,1
124,Air Conditioner,8,124,2023-01-07,Manufacturer_X,5068,19,6,2023-04-09,15,0.9999999997488527,1
125,Laptop,1,120,2021-06-07,Manufacturer_Y,2124,10,0,2023-04-13,10,1.3639860806212056e-07,0
126,Desktop Computer,6,130,2021-01-19,Manufacturer_Y,3974,7,0,2021-06-03,84,1.3763547170110496e-07,0
127,Laptop,5,181,2022-07-23,Manufacturer_W,2107,5,3,2023-04-28,43,0.958567848593264,1
128,Laptop,8,176,2021-02-12,Manufacturer_X,4729,7,1,2021-06-03,34,7.646587365253882e-05,0
129,Scanner,10,179,2020-10-10,Manufacturer_Y,4850,2,4,2023-06-08,49,0.9999229632667377,1
130,Scanner,3,170,2021-09-07,Manufacturer_Y,2680,1,3,2022-01-12,11,0.9586787499178373,1
131,Printer,4,171,2020-06-06,Manufacturer_Y,2703,7,0,2022-05-02,27,1.3678451323899214e-07,0
132,Air Conditioner,8,118,2021-01-28,Manufacturer_Z,9336,12,7,2022-06-12,29,0.9999999999995557,1
133,Laptop,3,115,2021-12-06,Manufacturer_X,4241,9,2,2022-02-15,16,0.040520328877727954,0
134,Laptop,3,193,2022-11-06,Manufacturer_Y,4034,0,1,2023-09-10,24,7.620701559649427e-05,0
135,Desktop Computer,10,199,2020-07-04,Manufacturer_W,2849,0,1,2021-10-28,39,7.576767238012302e-05,0
136,Conference Phone,2,187,2023-09-05,Manufacturer_Y,2522,10,4,2023-09-10,17,0.9999220832426734,1
137,Conference Phone,7,128,2019-03-06,Manufacturer_Y,3295,8,5,2022-01-19,48,0.9999998597651111,1
138,Desktop Computer,2,162,2020-08-24,Manufacturer_Z,3144,5,0,2022-07-14,25,1.3707917334363097e-07,0
139,Conference Phone,10,135,2021-11-23,Manufacturer_Z,2154,0,0,2022-02-06,43,1.3641857637824597e-07,0
140,Printer,7,132,2019-11-27,Manufacturer_W,799,3,4,2021-05-15,23,0.9999214254523576,1
141,Laptop,3,152,2019-10-30,Manufacturer_X,4769,9,4,2020-02-12,50,0.9999229328148823,1
142,Laptop,3,102,2021-10-10,Manufacturer_Z,4739,9,5,2023-06-20,10,0.9999998607497399,1
143,Desktop Computer,7,170,2021-08-30,Manufacturer_X,4011,10,5,2023-05-07,6,0.9999998602542013,1
144,Projector,1,184,2020-10-05,Manufacturer_Z,320,3,3,2023-01-25,16,0.9582201517875292,1
145,Projector,2,160,2018-12-23,Manufacturer_Z,506,9,1,2019-05-30,60,7.490643673135421e-05,0
146,Laptop,2,146,2022-12-02,Manufacturer_X,1582,8,4,2023-09-01,20,0.999921725064074,1
147,Air Conditioner,9,168,2022-01-13,Manufacturer_W,7611,8,7,2023-06-13,2,0.9999999999995519,1
148,Laptop,4,190,2018-09-24,Manufacturer_W,2793,0,1,2021-12-09,84,7.574697295605926e-05,0
149,Scanner,7,127,2023-07-18,Manufacturer_W,4951,5,2,2023-08-08,62,0.040655236677352664,0
150,Laptop,7,105,2019-04-10,Manufacturer_W,4027,7,3,2021-07-22,40,0.958938337421145,1
151,Projector,8,170,2023-05-09,Manufacturer_Y,948,2,0,2023-09-03,1,1.3561814877018331e-07,0
152,Scanner,1,178,2023-01-08,Manufacturer_Y,2627,7,3,2023-01-27,15,0.9586685039624314,1
153,Desktop Computer,7,189,2022-05-03,Manufacturer_Y,2277,2,1,2022-09-21,22,7.555650844633441e-05,0
154,Laptop,6,189,2020-10-10,Manufacturer_Z,819,8,3,2021-04-03,25,0.9583175221378114,1
155,Desktop Computer,7,120,2023-07-06,Manufacturer_X,930,2,4,2023-07-27,15,0.9999214756587256,1
156,Printer,8,136,2022-10-29,Manufacturer_Y,2296,3,3,2023-02-08,37,0.9586044600501892,1
157,Printer,8,131,2019-01-27,Manufacturer_Y,784,0,5,2021-08-01,4,0.9999998580363119,1
158,Laptop,8,112,2022-04-29,Manufacturer_X,4865,7,1,2023-05-19,8,7.651663065470776e-05,0
159,Scanner,8,138,2020-09-15,Manufacturer_Z,4962,4,3,2022-11-25,8,0.9591176076603881,1
160,Desktop Computer,10,199,2019-05-16,Manufacturer_X,792,0,2,2019-09-28,45,0.03987105956022086,0
161,Laptop,8,192,2019-07-05,Manufacturer_X,1003,8,0,2021-02-11,19,1.3565455009939584e-07,0
162,Desktop Computer,3,177,2023-05-12,Manufacturer_Y,2293,6,2,2023-08-14,55,0.040152386082649046,0
163,Laptop,7,138,2021-11-08,Manufacturer_X,4454,8,0,2023-02-12,4,1.3795821614280768e-07,0
164,Laptop,1,140,2018-11-16,Manufacturer_Z,2801,6,4,2022-08-24,39,0.9999221892373885,1
165,Desktop Computer,4,115,2018-11-01,Manufacturer_X,2075,10,4,2023-02-25,11,0.9999219131221465,1
166,Laptop,9,150,2021-02-19,Manufacturer_Z,3233,7,5,2023-01-05,17,0.999999859722679,1
167,Air Conditioner,2,139,2020-10-10,Manufacturer_Z,5311,5,0,2023-06-06,18,1.3853633246132226e-07,0
168,Laptop,5,136,2021-10-10,Manufacturer_Z,768,0,0,2022-07-15,35,1.354990854278173e-07,0
169,Projector,3,128,2022-02-13,Manufacturer_Z,256,5,0,2023-07-18,12,1.3516098758703058e-07,0
170,Laptop,7,189,2022-07-13,Manufacturer_X,3558,8,1,2022-07-16,19,7.603023151896348e-05,0
171,Projector,10,126,2020-01-18,Manufacturer_X,328,1,0,2020-03-04,15,1.3520848157171566e-07,0
172,Coffee Machine,1,113,2023-07-31,Manufacturer_X,4721,5,0,2023-08-22,35,1.3813807019677635e-07,0
173,Desktop Computer,3,132,2022-09-19,Manufacturer_Z,4710,9,4,2023-04-29,8,0.999922910626325,1
174,Desktop Computer,9,109,2023-06-28,Manufacturer_W,502,0,4,2023-09-04,36,0.9999213115067946,1
175,Laptop,2,159,2023-01-06,Manufacturer_Y,601,6,1,2023-02-23,2,7.49411654997193e-05,0
176,Air Conditioner,10,135,2020-12-20,Manufacturer_X,9202,11,6,2021-06-01,4,0.9999999997538682,1
177,Desktop Computer,8,135,2022-10-06,Manufacturer_W,2677,9,0,2023-07-22,20,1.3676716077343462e-07,0
178,Desktop Computer,1,131,2019-12-31,Manufacturer_Y,2173,0,3,2021-01-05,27,0.9585806370654855,1
179,Laptop,5,146,2023-03-28,Manufacturer_Y,504,3,1,2023-04-30,39,7.490570577237669e-05,0
180,Printer,1,110,2021-08-23,Manufacturer_Y,703,3,2,2022-03-29,10,0.039854438103411695,0
181,Desktop Computer,6,195,2019-08-07,Manufacturer_X,1305,8,0,2022-07-03,7,1.3585460067395121e-07,0
182,Laptop,3,173,2021-11-06,Manufacturer_X,2730,10,1,2023-08-20,36,7.572369286289062e-05,0
183,Laptop,10,180,2020-01-24,Manufacturer_X,1044,9,5,2023-01-21,11,0.999999858216304,1
184,Laptop,3,180,2018-11-23,Manufacturer_Y,2113,9,3,2020-06-24,7,0.9585690113377401,1
185,Laptop,8,108,2022-03-24,Manufacturer_X,2315,2,2,2023-06-12,40,0.04015652356629191,0
186,Laptop,5,124,2022-06-18,Manufacturer_Z,2019,2,3,2023-08-03,21,0.9585507914202179,1
187,Desktop Computer,4,182,2021-04-29,Manufacturer_W,1537,1,2,2022-11-04,87,0.04001045504274951,0
188,Desktop Computer,7,163,2019-01-31,Manufacturer_Z,3255,1,1,2020-12-16,40,7.591791245412388e-05,0
189,Laptop,10,130,2018-12-23,Manufacturer_W,2245,3,1,2020-09-04,24,7.554471247618754e-05,0
190,Conference Phone,1,188,2019-08-30,Manufacturer_X,2236,9,5,2021-12-14,44,0.9999998590385818,1
191,Laptop,1,167,2021-04-06,Manufacturer_X,3477,9,4,2023-08-02,95,0.9999224454586287,1
192,Desktop Computer,8,196,2021-12-23,Manufacturer_Z,1036,1,3,2022-09-08,2,0.9583597978042996,1
193,Printer,1,122,2018-11-07,Manufacturer_Z,798,10,1,2022-05-30,34,7.50132333164767e-05,0
194,Air Conditioner,3,127,2022-05-27,Manufacturer_Y,5985,10,7,2023-05-30,2,0.9999999999995484,1
195,Laptop,3,127,2023-03-28,Manufacturer_Y,1582,3,0,2023-06-09,2,1.3603835015375412e-07,0
196,Laptop,7,135,2023-01-28,Manufacturer_Z,3361,6,0,2023-04-02,29,1.372243977539132e-07,0
197,Desktop Computer,9,139,2019-05-23,Manufacturer_X,1924,5,1,2021-07-26,23,7.542648598830303e-05,0
198,Desktop Computer,5,169,2019-07-28,Manufacturer_Z,4418,10,5,2022-05-05,26,0.999999860531457,1
199,Laptop,9,109,2020-12-31,Manufacturer_Z,1010,0,0,2022-07-27,20,1.3565918369667823e-07,0
200,Printer,1,141,2022-08-05,Manufacturer_W,2835,10,0,2023-01-04,2,1.3687264433980213e-07,0
201,Desktop Computer,1,121,2022-01-20,Manufacturer_W,4485,10,3,2023-09-12,23,0.959026244900209,1
202,Laptop,2,158,2020-06-23,Manufacturer_Z,3502,0,4,2021-12-30,34,0.9999224549180726,1
203,Desktop Computer,10,196,2021-03-14,Manufacturer_W,1013,10,2,2023-01-27,26,0.03991236180329273,0
204,Air Conditioner,2,138,2022-11-08,Manufacturer_X,8474,13,2,2023-02-23,20,0.04133103104643794,0
205,Desktop Computer,10,137,2022-03-11,Manufacturer_Z,3847,7,1,2022-09-15,17,7.613751574296202e-05,0
206,Printer,7,123,2018-12-21,Manufacturer_Y,2979,1,5,2022-05-10,4,0.9999998595487114,1
207,Printer,4,179,2023-04-30,Manufacturer_W,4930,9,3,2023-05-22,30,0.9591114846104666,1
208,Laptop,10,104,2019-06-03,Manufacturer_X,4385,10,4,2021-07-12,37,0.9999227882866635,1
209,Desktop Computer,6,131,2019-07-22,Manufacturer_Z,2216,0,0,2020-11-13,34,1.3645985349565593e-07,0
210,Desktop Computer,7,177,2020-05-17,Manufacturer_Z,3855,10,5,2021-11-07,56,0.9999998601477853,1
211,Desktop Computer,10,130,2022-06-20,Manufacturer_Y,2961,8,1,2023-09-09,24,7.580908819814431e-05,0
212,Laptop,2,188,2021-12-18,Manufacturer_X,2926,1,3,2022-09-17,35,0.9587262748034695,1
213,Laptop,5,155,2022-12-24,Manufacturer_X,4688,3,3,2023-04-21,50,0.959065150611621,1
214,Scanner,5,174,2019-07-07,Manufacturer_W,4193,10,1,2022-07-01,11,7.626615895204623e-05,0
215,Laptop,5,102,2018-11-07,Manufacturer_Y,2583,8,1,2023-02-25,8,7.566940046423893e-05,0
216,Printer,6,167,2020-07-25,Manufacturer_X,4142,5,0,2021-01-26,70,1.377483462793699e-07,0
217,Printer,2,168,2019-03-29,Manufacturer_W,4702,3,4,2022-10-11,27,0.9999229076172153,1
218,Laptop,1,195,2019-05-11,Manufacturer_W,877,1,2,2022-01-08,22,0.03988694018809132,0
219,Desktop Computer,1,145,2023-05-10,Manufacturer_Y,1741,1,5,2023-05-16,13,0.9999998586976964,1
220,Conference Phone,3,141,2023-01-16,Manufacturer_Z,2279,5,4,2023-06-07,29,0.9999219908070682,1
221,Scanner,5,121,2022-02-24,Manufacturer_Y,4669,7,5,2022-04-27,27,0.9999998607021684,1
222,Scanner,9,161,2020-09-12,Manufacturer_Z,2877,0,3,2020-09-26,1,0.9587168126380967,1
223,Desktop Computer,1,108,2021-08-28,Manufacturer_Y,4422,9,4,2022-05-15,35,0.9999228022243504,1
224,Coffee Machine,3,174,2021-09-13,Manufacturer_Z,525,9,5,2022-01-14,22,0.9999998578567846,1
225,Laptop,8,157,2023-09-06,Manufacturer_Z,1369,2,4,2023-09-11,12,0.9999216436737972,1
226,Desktop Computer,6,199,2021-11-08,Manufacturer_W,3205,1,4,2022-10-25,2,0.9999223424652822,1
227,Scanner,4,119,2020-04-25,Manufacturer_W,1974,0,4,2020-10-26,15,0.9999218746318689,1
228,Projector,8,160,2018-10-16,Manufacturer_W,388,2,1,2022-04-09,19,7.486332235291383e-05,0
229,Air Conditioner,10,130,2018-10-07,Manufacturer_X,8911,7,0,2019-06-15,28,1.409914071647805e-07,0
230,Desktop Computer,7,175,2020-12-27,Manufacturer_X,1879,3,0,2021-03-08,40,1.3623564284678448e-07,0
231,Air Conditioner,3,114,2018-10-21,Manufacturer_X,7185,20,4,2023-04-05,47,0.9999238359535663,1
232,Desktop Computer,8,140,2020-09-18,Manufacturer_Y,4184,4,4,2022-04-27,35,0.9999227125271469,1
233,Laptop,5,195,2018-09-23,Manufacturer_W,756,9,1,2019-11-25,40,7.499786279423073e-05,0
234,Air Conditioner,4,134,2021-08-21,Manufacturer_X,7461,19,7,2021-10-12,48,0.9999999999995515,1
235,Projector,5,187,2020-04-23,Manufacturer_X,127,5,2,2021-06-22,34,0.03974702600949488,0
236,Air Conditioner,5,156,2022-11-10,Manufacturer_W,4400,18,2,2023-01-07,90,0.04055050331717806,0
237,Desktop Computer,9,154,2021-02-16,Manufacturer_X,1363,0,0,2023-04-24,17,1.3589305473962567e-07,0
238,Printer,5,164,2023-02-03,Manufacturer_X,4636,10,0,2023-09-02,12,1.380807878619816e-07,0
239,Desktop Computer,9,169,2020-05-26,Manufacturer_W,4302,9,2,2021-11-07,23,0.040531902691583736,0
240,Printer,9,152,2023-08-18,Manufacturer_X,3560,4,0,2023-09-10,31,1.3735771113562857e-07,0
241,Printer,2,176,2022-04-06,Manufacturer_W,1059,2,4,2023-02-23,36,0.9999215250672375,1
242,Desktop Computer,6,160,2019-04-09,Manufacturer_X,3775,4,5,2023-02-11,31,0.9999998600931814,1
243,Laptop,4,132,2021-11-03,Manufacturer_X,1798,2,0,2022-07-01,34,1.3618180738978453e-07,0
244,Coffee Machine,5,199,2021-01-11,Manufacturer_X,2616,7,1,2022-02-22,4,7.568158516455197e-05,0
245,Printer,3,144,2019-06-11,Manufacturer_Y,568,9,1,2022-01-24,95,7.492909999769811e-05,0
246,Laptop,1,157,2022-01-16,Manufacturer_Y,1900,9,0,2022-09-19,27,1.3624960366120714e-07,0
247,Printer,6,109,2022-07-16,Manufacturer_Y,859,3,4,2022-11-14,61,0.9999214484516235,1
248,Desktop Computer,4,106,2021-12-24,Manufacturer_Z,2861,4,2,2022-10-13,27,0.040259339358264465,0
249,Printer,2,167,2020-06-17,Manufacturer_Y,3112,7,1,2021-05-27,52,7.586496143085206e-05,0
250,Desktop Computer,10,129,2019-11-14,Manufacturer_X,4897,7,0,2021-05-21,31,1.3825675387933807e-07,0
251,Scanner,3,147,2018-09-23,Manufacturer_Y,4517,0,5,2022-06-19,14,0.9999998605988144,1
252,Desktop Computer,10,125,2022-11-04,Manufacturer_Y,3780,6,1,2022-11-29,15,7.611263015073092e-05,0
253,Printer,1,116,2019-02-09,Manufacturer_W,3764,6,1,2022-08-16,39,7.610668852588253e-05,0
254,Printer,10,105,2019-10-17,Manufacturer_Y,1818,0,1,2023-09-15,50,7.538748611373739e-05,0
255,Desktop Computer,9,137,2021-01-25,Manufacturer_Y,1090,4,0,2022-01-21,14,1.3571215033601679e-07,0
256,Air Conditioner,1,165,2021-12-05,Manufacturer_Y,9408,12,0,2022-03-26,88,1.4133374445674718e-07,0
257,Laptop,9,183,2020-04-17,Manufacturer_W,3967,9,3,2022-09-13,3,0.9589268077919972,1
258,Laptop,1,188,2021-10-25,Manufacturer_Z,4040,5,3,2023-07-20,17,0.9589408350991104,1
259,Desktop Computer,5,164,2020-07-25,Manufacturer_X,912,6,1,2022-01-02,28,7.505496918532027e-05,0
260,Air Conditioner,4,169,2023-03-17,Manufacturer_X,2193,19,6,2023-09-09,47,0.9999999997453046,1
261,Laptop,5,134,2021-06-02,Manufacturer_W,4094,9,3,2022-08-11,18,0.9589512085125813,1
262,Desktop Computer,1,113,2019-11-08,Manufacturer_Z,3073,9,2,2020-04-02,15,0.0402993284440337,0
263,Laptop,10,151,2020-09-09,Manufacturer_W,4653,3,3,2021-10-31,36,0.9590584452543467,1
264,Projector,7,176,2020-10-01,Manufacturer_Z,143,8,5,2020-12-30,24,0.999999857591585,1
265,Conference Phone,10,177,2020-06-29,Manufacturer_Z,3824,0,2,2022-07-10,1,0.04044129426683783,0
266,Air Conditioner,3,163,2018-10-25,Manufacturer_W,8448,0,8,2019-08-27,50,0.9999999999999991,1
267,Laptop,9,195,2022-04-01,Manufacturer_Y,2432,0,1,2022-09-24,2,7.561367124791142e-05,0
268,Laptop,10,173,2023-07-16,Manufacturer_X,4695,7,5,2023-07-27,69,0.9999998607198398,1
269,Coffee Machine,1,184,2021-08-09,Manufacturer_Y,1959,1,5,2021-10-01,29,0.999999858847925,1
270,Desktop Computer,10,163,2020-08-14,Manufacturer_W,3651,4,4,2023-08-30,40,0.9999225112724331,1
271,Laptop,9,118,2020-12-05,Manufacturer_X,3581,2,1,2021-11-04,50,7.60387641706381e-05,0
272,Projector,5,124,2022-08-05,Manufacturer_Y,192,3,1,2023-01-24,24,7.479176347096266e-05,0
273,Air Conditioner,1,137,2022-03-22,Manufacturer_X,5947,12,1,2022-05-09,100,7.692164945258034e-05,0
274,Projector,5,179,2023-03-08,Manufacturer_Y,313,1,5,2023-06-18,7,0.9999998577096669,1
275,Desktop Computer,10,176,2022-08-11,Manufacturer_W,965,6,5,2022-09-02,99,0.9999998581616382,1
276,Printer,2,167,2022-09-15,Manufacturer_Z,4133,8,0,2023-06-25,47,1.3774229708096357e-07,0
277,Laptop,9,123,2021-03-27,Manufacturer_Y,2589,8,3,2023-05-01,40,0.9586611563094148,1
278,Printer,1,145,2020-08-25,Manufacturer_W,2344,9,0,2020-11-28,43,1.3654511028348823e-07,0
279,Air Conditioner,8,192,2022-09-29,Manufacturer_W,5078,0,1,2023-01-31,12,7.659619278563305e-05,0
280,Scanner,7,152,2021-10-02,Manufacturer_Z,2919,4,0,2022-07-22,70,1.3692875733019286e-07,0
281,Laptop,9,120,2021-12-10,Manufacturer_Z,1694,5,2,2023-08-18,26,0.040039890529103755,0
282,Conference Phone,1,122,2020-04-16,Manufacturer_W,2202,8,3,2021-07-24,53,0.9585862550482782,1
283,Laptop,3,188,2019-05-18,Manufacturer_X,1421,7,0,2022-09-20,25,1.3593151968984105e-07,0
284,Coffee Machine,3,171,2022-07-17,Manufacturer_Z,595,0,2,2023-04-02,7,0.039834277165298845,0
285,Laptop,6,159,2023-03-03,Manufacturer_X,2899,1,3,2023-07-20,1,0.9587210612139934,1
286,Laptop,9,121,2019-05-14,Manufacturer_W,2893,7,4,2019-09-12,34,0.999922224157431,1
287,Air Conditioner,2,133,2023-01-09,Manufacturer_W,5983,15,7,2023-03-26,20,0.9999999999995484,1
288,Laptop,4,180,2021-10-03,Manufacturer_Y,1929,0,4,2022-08-11,33,0.9999218574766264,1
289,Desktop Computer,1,111,2022-05-21,Manufacturer_X,3952,2,4,2023-02-11,40,0.9999226249909139,1
290,Laptop,9,155,2019-11-29,Manufacturer_Y,3059,6,1,2020-11-13,39,7.584534560776425e-05,0
291,Printer,1,127,2019-08-17,Manufacturer_Y,1613,6,0,2023-07-26,25,1.3605892963201948e-07,0
292,Desktop Computer,2,123,2019-02-23,Manufacturer_W,1582,6,1,2023-08-30,23,7.530072861030352e-05,0
293,Desktop Computer,6,112,2021-10-07,Manufacturer_Y,2543,5,2,2023-02-19,2,0.04019942700358317,0
294,Scanner,7,151,2023-04-12,Manufacturer_Y,1699,8,1,2023-08-03,36,7.534372725985725e-05,0
295,Air Conditioner,9,156,2023-06-03,Manufacturer_Z,7093,1,9,2023-07-22,34,1.0,1
296,Desktop Computer,6,148,2020-04-18,Manufacturer_Y,4030,3,1,2020-04-28,60,7.620552830486992e-05,0
297,Laptop,5,136,2019-10-28,Manufacturer_Z,1506,10,4,2022-07-22,32,0.9999216960331165,1
298,Printer,6,186,2023-04-29,Manufacturer_X,3464,3,2,2023-08-14,51,0.04037318173041211,0
299,Desktop Computer,6,199,2022-05-23,Manufacturer_Y,814,2,5,2023-01-23,23,0.9999998580570916,1
300,Desktop Computer,10,145,2023-09-10,Manufacturer_Z,4221,1,4,2023-09-11,98,0.9999227264785083,1
301,Desktop Computer,4,195,2020-02-15,Manufacturer_Y,4899,9,4,2021-10-19,39,0.9999229816823892,1
302,Conference Phone,7,112,2019-05-17,Manufacturer_Z,4866,4,3,2021-11-22,41,0.9590992358766239,1
303,Desktop Computer,2,111,2021-08-06,Manufacturer_Y,856,5,5,2021-12-18,11,0.9999998580861785,1
304,Desktop Computer,9,119,2020-09-08,Manufacturer_Y,1748,3,2,2020-10-25,39,0.04005001963206471,0
305,Coffee Machine,4,143,2020-08-06,Manufacturer_X,1969,0,5,2022-09-05,48,0.9999998588548124,1
306,Desktop Computer,5,186,2018-09-23,Manufacturer_X,1941,5,2,2023-01-11,36,0.040086241871342514,0
307,Desktop Computer,6,115,2021-07-23,Manufacturer_W,2433,3,1,2022-09-09,38,7.561404018053992e-05,0
308,Air Conditioner,4,165,2022-08-15,Manufacturer_Z,9093,4,2,2023-01-28,45,0.041450874917631476,0
309,Laptop,2,150,2020-07-05,Manufacturer_W,843,3,0,2022-03-19,10,1.3554868244531373e-07,0
310,Laptop,7,134,2020-12-09,Manufacturer_Z,1846,3,2,2021-11-13,46,0.04006840835030313,0
311,Desktop Computer,3,140,2021-08-26,Manufacturer_Z,3019,3,3,2021-11-24,39,0.9587442278999193,1
312,Laptop,6,126,2020-06-25,Manufacturer_Y,3825,0,0,2023-08-12,32,1.375354400957345e-07,0
313,Desktop Computer,6,120,2023-07-15,Manufacturer_Y,1748,9,1,2023-08-31,43,7.536174253472957e-05,0
314,Desktop Computer,8,132,2021-01-27,Manufacturer_Z,3741,9,1,2021-06-12,13,7.60981482526905e-05,0
315,Laptop,10,118,2023-09-07,Manufacturer_Y,4576,1,4,2023-09-14,13,0.9999228602082424,1
316,Desktop Computer,3,121,2023-08-17,Manufacturer_Z,1775,1,5,2023-08-23,35,0.999999858721137,1
317,Laptop,7,127,2022-11-20,Manufacturer_Z,616,8,1,2022-12-24,8,7.494665046101881e-05,0
318,Laptop,5,107,2021-09-15,Manufacturer_Y,4843,0,0,2021-12-14,47,1.382203287282652e-07,0
319,Coffee Machine,4,105,2021-01-16,Manufacturer_W,2772,10,2,2021-01-25,24,0.040242562819692025,0
320,Printer,6,155,2018-11-04,Manufacturer_Z,3579,7,4,2022-03-09,25,0.9999224840459109,1
321,Desktop Computer,2,161,2022-04-02,Manufacturer_X,3098,8,1,2023-03-05,50,7.58597793997144e-05,0
322,Laptop,2,122,2020-12-02,Manufacturer_Z,2288,0,0,2022-12-15,10,1.3650780388651452e-07,0
323,Laptop,9,191,2023-07-04,Manufacturer_X,937,4,2,2023-07-21,41,0.03989815369294376,0
324,Laptop,4,100,2019-11-19,Manufacturer_Z,585,4,2,2022-07-31,41,0.03983241090632469,0
325,Printer,7,118,2022-02-21,Manufacturer_Y,706,9,4,2022-04-26,36,0.9999213897901877,1
326,Desktop Computer,4,130,2023-05-20,Manufacturer_Z,2063,6,4,2023-09-15,34,0.999921908550037,1
327,Desktop Computer,3,119,2022-12-08,Manufacturer_Y,1639,0,1,2023-04-06,44,7.532167360430751e-05,0
328,Laptop,9,180,2019-04-23,Manufacturer_W,4448,9,3,2022-06-02,65,0.9590191498986105,1
329,Desktop Computer,7,145,2022-08-02,Manufacturer_Y,2025,3,4,2023-01-04,2,0.9999218940699242,1
330,Conference Phone,7,137,2019-01-04,Manufacturer_Z,1243,7,5,2021-08-03,30,0.999999858353913,1
331,Desktop Computer,5,158,2023-01-20,Manufacturer_W,2726,9,5,2023-02-02,2,0.999999859375214,1
332,Laptop,2,109,2022-09-14,Manufacturer_X,1861,10,2,2023-09-06,50,0.04007122366389402,0
333,Desktop Computer,10,184,2019-10-02,Manufacturer_W,768,3,2,2023-09-05,61,0.039866576715464015,0
334,Desktop Computer,2,177,2021-10-23,Manufacturer_Z,600,4,0,2023-01-06,30,1.353880539521561e-07,0
335,Coffee Machine,4,195,2019-10-31,Manufacturer_Y,4456,1,2,2023-08-26,15,0.04056113591635213,0
336,Desktop Computer,5,118,2020-09-14,Manufacturer_Z,1650,6,0,2023-04-12,82,1.3608349631049675e-07,0
337,Projector,1,154,2018-12-19,Manufacturer_Z,940,7,2,2021-07-05,1,0.03989871444749291,0
338,Conference Phone,3,120,2019-12-04,Manufacturer_Y,4734,9,2,2021-10-07,80,0.040613958716320224,0
339,Coffee Machine,9,173,2022-06-23,Manufacturer_X,4182,10,3,2023-05-03,46,0.9589681079596204,1
340,Desktop Computer,2,180,2020-12-04,Manufacturer_W,4045,9,3,2021-06-26,36,0.9589417957057592,1
341,Desktop Computer,5,106,2021-05-31,Manufacturer_Y,2090,3,3,2023-06-24,3,0.9585645539810297,1
342,Laptop,10,186,2020-06-19,Manufacturer_W,1329,10,3,2022-08-30,15,0.9584168146223799,1
343,Laptop,6,176,2021-11-20,Manufacturer_X,2048,0,3,2021-12-17,3,0.9585564132761538,1
344,Desktop Computer,6,129,2022-10-18,Manufacturer_W,4311,8,5,2023-02-28,26,0.9999998604586201,1
345,Desktop Computer,8,188,2020-09-18,Manufacturer_W,4695,5,3,2022-04-21,25,0.9590664915569115,1
346,Laptop,3,138,2020-11-20,Manufacturer_X,1182,10,3,2023-08-31,64,0.9583882182565425,1
347,Laptop,4,109,2022-03-07,Manufacturer_Z,4772,7,5,2023-01-08,76,0.9999998607721609,1
348,Laptop,8,130,2023-01-26,Manufacturer_W,2229,9,0,2023-05-29,8,1.3646850995891819e-07,0
349,Scanner,2,163,2020-07-28,Manufacturer_X,2307,7,0,2020-11-18,44,1.3652046027146343e-07,0
350,Air Conditioner,10,168,2021-09-04,Manufacturer_Z,3765,16,3,2023-06-05,11,0.9588879685924613,1
351,Printer,2,113,2018-10-27,Manufacturer_W,3504,1,0,2023-03-10,45,1.3732018272260652e-07,0
352,Laptop,4,100,2022-04-14,Manufacturer_X,771,4,4,2023-03-21,42,0.9999214147170628,1
353,Desktop Computer,1,126,2018-09-22,Manufacturer_X,2452,6,5,2023-05-20,12,0.9999998591870741,1
354,Laptop,4,149,2022-07-24,Manufacturer_Z,2497,1,0,2023-09-03,100,1.3664708867824257e-07,0
355,Projector,2,153,2019-04-21,Manufacturer_W,796,6,3,2021-03-26,32,0.958313038901265,1
356,Desktop Computer,6,167,2023-07-31,Manufacturer_Y,1916,8,1,2023-08-13,2,7.54235418978424e-05,0
357,Laptop,6,140,2023-03-29,Manufacturer_Y,4885,1,1,2023-07-11,31,7.652409776063207e-05,0
358,Laptop,1,118,2021-01-24,Manufacturer_W,3597,9,1,2023-06-20,47,7.604470049305707e-05,0
359,Scanner,4,150,2021-08-06,Manufacturer_Z,3482,6,0,2022-03-24,5,1.373054422229408e-07,0
360,Desktop Computer,10,196,2021-02-03,Manufacturer_W,2550,5,0,2023-02-08,90,1.3668243228563747e-07,0
361,Desktop Computer,3,194,2021-12-14,Manufacturer_Z,2051,3,4,2022-12-14,42,0.9999219039776598,1
362,Laptop,7,116,2019-01-14,Manufacturer_Y,4822,8,0,2023-08-27,33,1.382061659835438e-07,0
363,Laptop,6,124,2023-05-25,Manufacturer_Y,3284,1,2,2023-06-09,30,0.04033916668430939,0
364,Projector,3,187,2023-07-13,Manufacturer_W,739,1,1,2023-07-14,2,7.499164228772739e-05,0
365,Laptop,10,181,2022-01-10,Manufacturer_X,1933,9,4,2023-09-03,7,0.9999218590016895,1
366,Laptop,7,113,2020-08-21,Manufacturer_Z,4039,4,1,2021-03-29,28,7.620887475184134e-05,0
367,Air Conditioner,9,182,2023-01-06,Manufacturer_X,7178,10,1,2023-07-03,35,7.738505000497887e-05,0
368,Desktop Computer,3,108,2022-08-21,Manufacturer_X,1392,5,2,2023-02-24,9,0.0399832878240732,0
369,Laptop,9,127,2020-02-05,Manufacturer_W,2823,1,3,2023-04-24,15,0.9587063825412865,1
370,Desktop Computer,6,148,2019-04-19,Manufacturer_W,3931,6,2,2021-05-30,39,0.0404615600365431,0
371,Laptop,3,125,2020-11-21,Manufacturer_Y,2143,4,4,2022-07-17,28,0.9999219390257118,1
372,Laptop,6,183,2022-03-24,Manufacturer_X,2544,3,4,2022-08-20,27,0.9999220916059204,1
373,Laptop,7,169,2021-05-04,Manufacturer_X,1431,10,5,2023-01-03,5,0.9999998584837928,1
374,Air Conditioner,8,118,2020-12-02,Manufacturer_X,7383,0,5,2021-05-15,21,0.9999998625347366,1
375,Scanner,9,160,2021-11-27,Manufacturer_Y,1044,10,2,2023-09-03,28,0.03991815860903084,0
376,Laptop,7,150,2021-06-28,Manufacturer_Z,4841,1,3,2023-01-23,35,0.9590944502609288,1
377,Air Conditioner,10,144,2022-01-02,Manufacturer_Y,8929,20,8,2023-05-27,44,0.9999999999999991,1
378,Conference Phone,10,171,2020-12-22,Manufacturer_X,3567,8,4,2022-03-26,14,0.9999224795072271,1
379,Coffee Machine,10,197,2019-04-05,Manufacturer_Y,4540,5,0,2019-05-26,33,1.3801612108204618e-07,0
380,Desktop Computer,4,118,2023-04-28,Manufacturer_Z,1444,10,5,2023-06-26,44,0.9999998584927694,1
381,Laptop,9,153,2020-01-17,Manufacturer_X,3550,1,0,2022-04-04,28,1.3735100888117616e-07,0
382,Printer,1,136,2018-11-09,Manufacturer_Z,1519,9,1,2022-06-11,15,7.527758565565595e-05,0
383,Laptop,10,135,2023-08-11,Manufacturer_Y,4028,7,1,2023-09-06,39,7.620478466994196e-05,0
384,Laptop,6,112,2020-10-06,Manufacturer_Z,3931,2,0,2021-07-07,27,1.3760659605355264e-07,0
385,Scanner,9,152,2022-11-08,Manufacturer_Y,646,6,3,2023-01-29,45,0.9582837890874638,1
386,Conference Phone,8,114,2019-02-11,Manufacturer_X,803,6,3,2021-03-23,3,0.9583144034133851,1
387,Printer,9,126,2022-12-24,Manufacturer_Y,2038,4,4,2023-01-21,12,0.999921899023949,1
388,Air Conditioner,8,164,2022-12-18,Manufacturer_Y,4288,2,10,2023-07-20,11,1.0,1
389,Laptop,4,185,2019-10-15,Manufacturer_Y,3000,6,1,2022-01-01,8,7.582351509063071e-05,0
390,Conference Phone,2,150,2019-04-24,Manufacturer_Y,2514,5,1,2020-06-02,73,7.56439297018814e-05,0
391,Desktop Computer,2,117,2023-07-20,Manufacturer_X,4406,8,4,2023-09-12,9,0.9999227961975514,1
392,Desktop Computer,9,177,2022-04-23,Manufacturer_X,4843,3,1,2022-09-05,46,7.650841767969023e-05,0
393,Coffee Machine,4,133,2019-11-24,Manufacturer_X,2252,2,3,2022-11-24,48,0.9585959395133699,1
394,Desktop Computer,10,124,2020-11-09,Manufacturer_W,953,8,2,2021-10-23,12,0.039901144471161026,0
395,Desktop Computer,5,128,2023-04-13,Manufacturer_X,1095,2,5,2023-06-26,18,0.9999998582515833,1
396,Laptop,5,190,2022-11-13,Manufacturer_W,3960,10,5,2023-09-04,20,0.9999998602194204,1
397,Desktop Computer,7,168,2019-12-23,Manufacturer_Y,580,5,4,2021-04-28,24,0.9999213414478806,1
398,Laptop,3,165,2019-07-21,Manufacturer_X,4575,8,4,2019-12-19,1,0.999922859831864,1
399,Laptop,3,137,2022-04-17,Manufacturer_W,1263,10,4,2023-06-03,23,0.9999216031381862,1
400,Desktop Computer,3,180,2023-09-11,Manufacturer_Z,2312,4,5,2023-09-14,40,0.9999998590908469,1
401,Desktop Computer,4,129,2020-02-06,Manufacturer_W,3727,2,4,2021-07-20,28,0.9999225400011665,1
402,Desktop Computer,7,171,2022-01-06,Manufacturer_Z,832,2,2,2022-03-16,58,0.03987853204182515,0
403,Laptop,5,125,2020-10-04,Manufacturer_Z,3551,0,5,2021-12-01,80,0.9999998599401777,1
404,Laptop,3,187,2019-01-30,Manufacturer_X,1474,0,2,2021-04-17,25,0.03999864918205137,0
405,Desktop Computer,3,142,2018-10-17,Manufacturer_Y,2433,5,5,2020-07-28,13,0.9999998591740186,1
406,Printer,8,133,2021-11-20,Manufacturer_Y,4951,0,5,2022-03-25,9,0.9999998608937144,1
407,Air Conditioner,4,128,2020-04-05,Manufacturer_Y,4195,18,2,2022-02-03,38,0.04051160317721882,0
408,Laptop,8,112,2020-02-13,Manufacturer_Z,1320,0,2,2020-08-13,6,0.03996980446416343,0
409,Air Conditioner,9,144,2022-09-30,Manufacturer_Y,9568,8,1,2023-07-03,37,7.829273329200969e-05,0
410,Desktop Computer,1,105,2019-12-25,Manufacturer_X,1976,5,1,2019-12-25,41,7.544562537746045e-05,0
411,Laptop,4,101,2023-02-15,Manufacturer_X,2606,3,5,2023-06-16,7,0.9999998592928478,1
412,Projector,1,130,2019-10-07,Manufacturer_Y,724,10,4,2021-11-22,29,0.9999213966938062,1
413,Coffee Machine,8,126,2022-09-20,Manufacturer_Z,1445,9,5,2023-06-10,8,0.99999985849346,1
414,Desktop Computer,9,149,2020-12-16,Manufacturer_Z,3820,9,3,2022-09-11,50,0.9588985471032423,1
415,Laptop,3,113,2022-09-27,Manufacturer_W,1893,4,5,2023-04-03,12,0.9999998588024599,1
416,Desktop Computer,4,132,2018-12-18,Manufacturer_W,2219,0,0,2020-11-27,38,1.364618510922866e-07,0
417,Laptop,10,178,2019-06-14,Manufacturer_W,4792,9,2,2019-10-20,10,0.04062498760360478,0
418,Desktop Computer,6,171,2021-01-27,Manufacturer_X,1446,3,1,2021-03-01,67,7.525077811121329e-05,0
419,Laptop,6,167,2020-04-09,Manufacturer_Z,2608,7,3,2023-04-08,61,0.9586648302921464,1
420,Desktop Computer,1,132,2020-04-01,Manufacturer_W,2818,0,2,2023-05-25,36,0.040251233003180474,0
421,Desktop Computer,4,153,2021-10-05,Manufacturer_Y,1690,1,1,2023-07-09,6,7.534041879995837e-05,0
422,Printer,2,110,2022-08-11,Manufacturer_Z,1923,6,3,2023-04-09,28,0.9585321759325922,1
423,Air Conditioner,1,178,2022-12-26,Manufacturer_W,6002,10,9,2023-02-22,20,1.0,1
424,Laptop,9,173,2021-10-10,Manufacturer_Y,3860,10,4,2023-04-25,32,0.9999225902508249,1
425,Desktop Computer,1,164,2021-08-17,Manufacturer_W,3705,2,0,2022-08-28,34,1.3745493058514224e-07,0
426,Desktop Computer,7,134,2022-08-23,Manufacturer_Z,2358,10,4,2022-12-15,46,0.9999220208701727,1
427,Laptop,7,139,2022-06-01,Manufacturer_Y,4953,8,2,2023-08-12,29,0.04065561730617158,0
428,Laptop,7,176,2021-07-01,Manufacturer_Z,2643,1,2,2023-08-21,39,0.04021825815306274,0
429,Laptop,10,163,2020-11-10,Manufacturer_W,1147,10,4,2022-12-25,64,0.9999215587544317,1
430,Laptop,3,143,2023-07-04,Manufacturer_X,1996,9,5,2023-08-18,30,0.9999998588734068,1
431,Laptop,8,141,2020-03-26,Manufacturer_W,2283,1,0,2021-08-17,7,1.3650447345391483e-07,0
432,Laptop,5,164,2019-08-19,Manufacturer_Z,4316,0,0,2019-10-01,33,1.3786534967977768e-07,0
433,Desktop Computer,9,128,2020-03-21,Manufacturer_W,4807,4,0,2021-09-26,41,1.3819605062580382e-07,0
434,Conference Phone,7,154,2022-03-25,Manufacturer_Z,3301,2,4,2022-09-12,11,0.9999223788314827,1
435,Desktop Computer,6,126,2021-06-02,Manufacturer_Y,2040,9,0,2021-11-17,19,1.3634271232526574e-07,0
436,Conference Phone,6,146,2022-04-15,Manufacturer_Y,1147,5,1,2022-06-07,3,7.514107693213505e-05,0
437,Coffee Machine,10,188,2021-07-19,Manufacturer_X,2898,4,1,2022-09-21,18,7.578578901590863e-05,0
438,Scanner,5,184,2019-10-26,Manufacturer_Z,3821,0,3,2020-09-23,42,0.9588987394156848,1
439,Laptop,10,178,2023-02-06,Manufacturer_Y,4952,3,1,2023-09-02,28,7.654911787496866e-05,0
440,Printer,6,179,2021-10-09,Manufacturer_Y,1366,7,2,2023-03-18,34,0.039978418330234085,0
441,Desktop Computer,7,121,2022-05-02,Manufacturer_W,3110,1,3,2023-05-06,17,0.9587617876743229,1
442,Printer,2,150,2021-06-15,Manufacturer_Y,3320,1,0,2023-05-10,48,1.3719694725699898e-07,0
443,Laptop,2,196,2020-04-04,Manufacturer_W,3275,6,4,2022-09-17,25,0.9999223689839852,1
444,Desktop Computer,10,143,2023-04-15,Manufacturer_X,2661,7,4,2023-04-17,36,0.9999221360681106,1
445,Printer,10,184,2020-01-31,Manufacturer_Y,4062,3,2,2023-03-26,43,0.04048638464428053,0
446,Laptop,6,103,2020-06-01,Manufacturer_W,2719,2,4,2022-04-14,41,0.9999221580997891,1
447,Desktop Computer,7,192,2020-12-21,Manufacturer_X,2366,0,1,2021-08-04,3,7.558932567367306e-05,0
448,Printer,7,108,2020-07-23,Manufacturer_Z,4835,8,0,2021-11-03,90,1.3821493322581845e-07,0
449,Desktop Computer,4,176,2020-09-19,Manufacturer_Z,3187,3,3,2023-03-14,11,0.9587766403581729,1
450,Desktop Computer,6,130,2019-05-25,Manufacturer_Z,1110,8,1,2023-01-21,24,7.512751299311419e-05,0
451,Desktop Computer,9,141,2020-01-30,Manufacturer_W,1978,3,5,2023-07-12,49,0.9999998588610107,1
452,Laptop,7,183,2021-05-07,Manufacturer_W,2524,8,4,2023-05-14,16,0.9999220840030054,1
453,Conference Phone,6,140,2019-06-11,Manufacturer_Z,4991,7,0,2020-12-29,31,1.3832018352356474e-07,0
454,Laptop,2,121,2019-06-08,Manufacturer_Z,3192,3,5,2021-04-18,10,0.9999998596946124,1
455,Desktop Computer,9,125,2019-12-21,Manufacturer_Z,3070,4,5,2023-09-15,20,0.9999998596110633,1
456,Desktop Computer,7,125,2021-11-14,Manufacturer_W,4512,5,4,2022-07-23,27,0.9999228361163307,1
457,Air Conditioner,6,129,2019-05-23,Manufacturer_W,5186,19,1,2022-06-25,25,7.663656574793861e-05,0
458,Desktop Computer,8,178,2020-06-07,Manufacturer_Z,3034,1,4,2023-02-16,11,0.9999222776457825,1
459,Desktop Computer,3,142,2019-11-01,Manufacturer_Z,1258,4,3,2019-11-27,46,0.9584030051201671,1
460,Laptop,10,138,2019-09-20,Manufacturer_W,2252,8,5,2020-06-17,29,0.9999998590495865,1
461,Laptop,3,174,2023-02-23,Manufacturer_W,888,7,1,2023-06-02,11,7.504618075747079e-05,0
462,Laptop,6,173,2019-11-15,Manufacturer_Z,3056,7,3,2023-05-21,15,0.9587513684514621,1
463,Air Conditioner,2,185,2019-03-24,Manufacturer_Y,8114,12,4,2022-09-04,35,0.9999241804044788,1
464,Air Conditioner,2,153,2022-06-26,Manufacturer_X,4934,1,6,2022-09-02,33,0.9999999997486886,1
465,Desktop Computer,5,168,2022-11-18,Manufacturer_X,4133,1,1,2022-11-19,76,7.624383531463614e-05,0
466,Desktop Computer,2,161,2019-12-20,Manufacturer_Z,3213,0,0,2021-10-10,85,1.371253340177777e-07,0
467,Air Conditioner,6,136,2019-03-06,Manufacturer_Y,9209,5,5,2022-07-03,37,0.999999863754116,1
468,Laptop,8,189,2019-02-25,Manufacturer_Y,3689,6,2,2019-12-08,25,0.040415739176682945,0
469,Printer,5,103,2020-10-05,Manufacturer_Y,3889,6,4,2021-01-11,20,0.9999226012031879,1
470,Desktop Computer,1,113,2021-06-05,Manufacturer_Y,4070,8,1,2021-07-09,6,7.622040252730877e-05,0
471,Laptop,8,173,2019-08-02,Manufacturer_Z,1037,5,3,2022-06-16,4,0.9583599925280687,1
472,Projector,4,120,2019-11-27,Manufacturer_X,539,10,5,2020-01-19,3,0.9999998578664946,1
473,Desktop Computer,4,144,2021-09-05,Manufacturer_W,3881,10,4,2022-01-15,4,0.9999225981820011,1
474,Air Conditioner,3,172,2023-03-28,Manufacturer_W,4183,5,8,2023-08-22,11,0.9999999999999991,1
475,Conference Phone,7,167,2020-07-13,Manufacturer_Z,3424,8,1,2022-08-22,14,7.59805385827891e-05,0
476,Printer,1,106,2022-04-01,Manufacturer_W,3812,2,1,2022-04-23,70,7.612451479194051e-05,0
477,Desktop Computer,10,161,2022-03-14,Manufacturer_Z,4861,10,3,2023-01-02,41,0.959098278796367,1
478,Laptop,5,105,2021-07-18,Manufacturer_X,4538,9,2,2022-07-24,92,0.04057670989691435,0
479,Desktop Computer,7,125,2021-12-28,Manufacturer_X,4280,5,2,2023-01-05,19,0.04052772816422173,0
480,Coffee Machine,9,143,2022-04-10,Manufacturer_W,2191,0,0,2022-12-26,22,1.364432079942088e-07,0
481,Laptop,9,118,2020-11-16,Manufacturer_Z,1080,8,1,2020-12-02,6,7.511651700205466e-05,0
482,Printer,8,132,2020-09-11,Manufacturer_X,582,1,0,2022-06-09,7,1.3537616312019531e-07,0
483,Laptop,8,163,2020-11-15,Manufacturer_Z,1922,8,5,2022-05-05,19,0.9999998588224388,1
484,Projector,5,134,2019-12-13,Manufacturer_W,115,2,1,2022-09-18,19,7.476366976938763e-05,0
485,Scanner,3,181,2021-09-03,Manufacturer_W,3357,1,3,2021-12-16,41,0.9588094138714889,1
486,Air Conditioner,3,100,2021-10-22,Manufacturer_X,4870,0,4,2021-10-30,28,0.9999229707838618,1
487,Projector,4,197,2022-11-18,Manufacturer_X,165,4,2,2023-02-07,39,0.039754103666007866,0
488,Desktop Computer,8,124,2020-03-25,Manufacturer_Z,1531,10,4,2023-07-21,7,0.9999217055839617,1
489,Laptop,7,135,2021-09-14,Manufacturer_X,4287,3,2,2021-12-16,44,0.04052905637825873,0
490,Laptop,6,118,2020-03-07,Manufacturer_W,1556,8,5,2023-04-24,7,0.9999998585700831,1
491,Desktop Computer,4,110,2019-03-26,Manufacturer_Z,2970,8,2,2019-08-30,31,0.04027989503389095,0
492,Desktop Computer,7,126,2021-06-21,Manufacturer_Z,3819,6,0,2022-11-22,21,1.3753141350048713e-07,0
493,Desktop Computer,2,180,2021-04-22,Manufacturer_Z,1817,1,3,2022-02-18,47,0.9585116120396996,1
494,Projector,2,167,2020-10-29,Manufacturer_Y,890,0,3,2023-04-20,50,0.9583313587851011,1
495,Laptop,8,195,2018-09-26,Manufacturer_Z,3121,3,5,2020-08-17,8,0.9999998596459955,1
496,Printer,3,150,2022-03-01,Manufacturer_Y,1727,0,5,2022-05-01,40,0.9999998586880432,1
497,Air Conditioner,7,106,2021-12-16,Manufacturer_Z,7136,5,5,2022-05-21,91,0.9999998623689575,1
498,Laptop,5,176,2019-05-31,Manufacturer_Z,3388,6,5,2019-06-09,4,0.9999998598287346,1
499,Desktop Computer,6,186,2021-01-30,Manufacturer_W,2376,10,1,2022-08-09,76,7.559301389315839e-05,0
500,Laptop,4,185,2020-09-22,Manufacturer_Z,541,6,2,2020-10-11,42,0.039824200362434045,0
501,Conference Phone,6,151,2022-05-09,Manufacturer_Y,2875,0,1,2023-06-05,55,7.577728474956247e-05,0
502,Desktop Computer,10,131,2020-12-14,Manufacturer_X,1805,0,2,2023-02-12,44,0.040060714126872045,0
503,Coffee Machine,6,171,2023-01-30,Manufacturer_Y,1695,5,0,2023-08-21,26,1.3611338068135558e-07,0
504,Laptop,2,155,2022-12-28,Manufacturer_Y,4968,5,4,2023-08-23,90,0.9999230076071701,1
505,Laptop,10,152,2021-04-14,Manufacturer_Y,3977,8,3,2022-01-19,3,0.958928729612021,1
506,Air Conditioner,3,132,2019-12-10,Manufacturer_X,4393,14,3,2020-01-18,5,0.9590086011011252,1
507,Projector,6,159,2022-06-08,Manufacturer_W,664,4,4,2023-03-05,48,0.9999213736793873,1
508,Air Conditioner,8,191,2021-01-12,Manufacturer_Z,4435,14,6,2022-01-31,5,0.9999999997480757,1
509,Desktop Computer,9,107,2022-03-25,Manufacturer_X,2499,0,1,2022-12-24,34,7.563839371414731e-05,0
510,Desktop Computer,6,141,2022-10-22,Manufacturer_X,2594,9,2,2023-06-02,33,0.04020902983401493,0
511,Air Conditioner,4,107,2023-01-06,Manufacturer_Y,3880,2,3,2023-07-30,8,0.9589100843254997,1
512,Desktop Computer,5,172,2023-02-09,Manufacturer_X,4568,8,4,2023-06-24,69,0.9999228571971648,1
513,Printer,10,128,2019-06-25,Manufacturer_W,1675,4,0,2022-05-26,28,1.36100097928627e-07,0
514,Laptop,2,124,2022-10-16,Manufacturer_W,955,9,5,2023-08-10,36,0.9999998581547168,1
515,Printer,7,168,2021-06-01,Manufacturer_W,4433,1,4,2022-03-16,4,0.999922806367502,1
516,Laptop,6,168,2021-04-07,Manufacturer_Z,1829,10,0,2021-11-29,74,1.3620240856983225e-07,0
517,Air Conditioner,9,125,2020-04-18,Manufacturer_W,9241,17,9,2022-02-17,36,1.0,1
518,Desktop Computer,6,140,2019-09-06,Manufacturer_Y,592,7,1,2020-03-11,11,7.49378747156069e-05,0
519,Desktop Computer,5,110,2022-09-06,Manufacturer_X,3110,10,3,2023-01-16,32,0.9587617876743229,1
520,Desktop Computer,7,137,2021-08-07,Manufacturer_Z,1578,6,4,2023-07-04,23,0.9999217235363971,1
521,Air Conditioner,8,162,2021-03-08,Manufacturer_W,2974,18,9,2022-05-04,2,1.0,1
522,Printer,10,159,2018-11-18,Manufacturer_W,3721,0,1,2022-05-26,48,7.609072270711324e-05,0
523,Laptop,10,165,2019-10-19,Manufacturer_Y,1620,2,5,2022-05-18,56,0.9999998586142433,1
524,Desktop Computer,10,163,2022-12-22,Manufacturer_Z,1304,3,1,2023-01-13,58,7.519865927010523e-05,0
525,Desktop Computer,3,122,2023-08-30,Manufacturer_X,507,3,5,2023-09-04,36,0.9999998578442995,1
526,Desktop Computer,7,150,2020-08-29,Manufacturer_X,1973,7,3,2021-08-19,36,0.9585418724969639,1
527,Air Conditioner,5,186,2023-09-07,Manufacturer_Y,7311,20,3,2023-09-15,49,0.9595646879536743,1
528,Laptop,6,199,2020-03-28,Manufacturer_Z,1676,1,5,2023-06-29,21,0.9999998586528724,1
529,Laptop,7,186,2023-06-15,Manufacturer_Z,4886,5,2,2023-08-24,35,0.04064286809827664,0
530,Laptop,6,117,2020-04-01,Manufacturer_Z,2247,4,3,2022-05-03,48,0.9585949711643778,1
531,Laptop,4,132,2022-09-22,Manufacturer_Z,554,2,3,2023-01-11,37,0.9582658394907594,1
532,Laptop,4,152,2019-12-31,Manufacturer_Y,3896,1,3,2020-09-28,14,0.9589131603945528,1
533,Air Conditioner,3,178,2021-06-17,Manufacturer_X,8173,12,0,2021-08-09,64,1.4048459651294454e-07,0
534,Laptop,8,173,2019-09-21,Manufacturer_W,2656,8,1,2021-07-22,9,7.569635712857189e-05,0
535,Laptop,7,100,2020-10-31,Manufacturer_W,4327,0,1,2022-07-26,8,7.631603867594002e-05,0
536,Coffee Machine,6,167,2021-06-22,Manufacturer_W,2141,1,1,2021-09-03,73,7.55063882893149e-05,0
537,Printer,3,170,2019-11-17,Manufacturer_W,3143,5,2,2022-04-27,19,0.04031254074211537,0
538,Air Conditioner,5,144,2020-03-03,Manufacturer_W,5859,0,5,2022-05-22,9,0.9999998615086779,1
539,Printer,10,174,2019-10-22,Manufacturer_X,2620,5,0,2021-02-09,6,1.3672912653235458e-07,0
540,Printer,9,190,2020-07-18,Manufacturer_Y,2734,10,4,2021-04-30,91,0.9999221637966224,1
541,Printer,3,151,2019-04-05,Manufacturer_Z,1766,2,2,2019-05-23,38,0.040053396545353996,0
542,Desktop Computer,6,121,2020-09-01,Manufacturer_X,3908,6,4,2020-12-11,35,0.999922608378034,1
543,Desktop Computer,5,102,2021-10-08,Manufacturer_Y,4139,1,0,2021-11-10,43,1.377463298503837e-07,0
544,Laptop,3,125,2022-10-20,Manufacturer_X,1973,7,5,2023-09-02,22,0.9999998588575673,1
545,Conference Phone,9,107,2023-04-24,Manufacturer_Z,4524,1,2,2023-08-17,40,0.04057405051926639,0
546,Laptop,1,101,2020-01-18,Manufacturer_X,1579,2,3,2021-10-16,45,0.9584654047298139,1
547,Projector,6,149,2022-08-11,Manufacturer_Y,647,1,5,2022-11-21,45,0.9999998579413778,1
548,Projector,10,151,2020-11-26,Manufacturer_Y,470,4,5,2022-08-21,7,0.999999857818632,1
549,Air Conditioner,10,157,2020-03-18,Manufacturer_W,7122,0,6,2022-02-15,91,0.9999999997513573,1
550,Laptop,6,135,2019-11-18,Manufacturer_X,1541,10,1,2019-12-14,14,7.528566651407945e-05,0
551,Air Conditioner,5,176,2022-08-02,Manufacturer_W,7993,14,10,2023-06-17,5,1.0,1
552,Laptop,5,172,2020-09-20,Manufacturer_W,2478,2,3,2020-11-13,47,0.9586396862696929,1
553,Projector,5,196,2019-09-21,Manufacturer_W,595,4,2,2019-11-21,22,0.039834277165298845,0
554,Laptop,6,178,2021-01-24,Manufacturer_Z,2659,2,4,2021-08-03,27,0.9999221353082864,1
555,Printer,10,137,2021-08-07,Manufacturer_Z,4269,2,4,2023-01-29,34,0.9999227445738194,1
556,Laptop,5,115,2021-01-11,Manufacturer_Y,4341,8,3,2021-02-08,13,0.9589986253021502,1
557,Desktop Computer,10,123,2020-04-04,Manufacturer_X,3210,6,5,2021-08-18,33,0.999999859706935,1
558,Laptop,8,164,2020-10-15,Manufacturer_Z,4520,4,2,2022-02-25,29,0.04057329072774114,0
559,Air Conditioner,1,125,2021-09-02,Manufacturer_Y,8545,8,4,2022-11-22,31,0.9999243396795461,1
560,Desktop Computer,5,176,2018-10-23,Manufacturer_W,4138,3,5,2021-09-09,8,0.9999998603407751,1
561,Printer,5,100,2022-12-05,Manufacturer_W,1435,7,5,2023-02-05,18,0.9999998584865548,1
562,Projector,1,131,2022-12-08,Manufacturer_Z,564,6,3,2023-08-05,44,0.9582677908916516,1
563,Printer,1,103,2019-12-14,Manufacturer_Y,3189,3,5,2021-03-03,31,0.9999998596925584,1
564,Desktop Computer,2,185,2020-04-17,Manufacturer_X,1861,9,2,2023-06-23,42,0.04007122366389402,0
565,Laptop,2,188,2023-04-05,Manufacturer_Z,3176,5,5,2023-07-10,20,0.9999998596836578,1
566,Scanner,3,163,2020-12-06,Manufacturer_Z,2354,6,5,2021-10-15,46,0.999999859119722,1
567,Desktop Computer,1,161,2023-08-28,Manufacturer_X,4500,0,1,2023-09-02,50,7.638048387825853e-05,0
568,Laptop,6,147,2022-03-28,Manufacturer_Z,2603,9,0,2023-09-01,13,1.3671778503461298e-07,0
569,Desktop Computer,9,194,2023-05-01,Manufacturer_Z,4508,4,2,2023-06-04,88,0.040571011434921915,0
570,Desktop Computer,8,133,2023-06-08,Manufacturer_Z,2334,5,4,2023-08-27,22,0.9999220117383031,1
571,Desktop Computer,7,140,2020-06-23,Manufacturer_Y,1615,0,4,2020-10-09,33,0.9999217376662698,1
572,Coffee Machine,1,123,2019-09-19,Manufacturer_Z,1688,7,2,2021-01-20,7,0.040038765224768534,0
573,Projector,3,161,2020-05-22,Manufacturer_Y,675,9,5,2022-06-28,47,0.9999998579607856,1
574,Coffee Machine,7,163,2022-03-22,Manufacturer_X,3606,8,2,2023-05-22,10,0.04040003520795216,0
575,Laptop,8,161,2021-07-16,Manufacturer_W,2512,10,3,2023-04-07,6,0.9586462638115759,1
576,Desktop Computer,2,121,2021-09-02,Manufacturer_Z,3034,6,4,2022-10-01,46,0.9999222776457825,1
577,Conference Phone,10,137,2023-04-18,Manufacturer_Y,2690,5,4,2023-06-28,43,0.9999221470847293,1
578,Printer,7,156,2023-01-03,Manufacturer_Y,1092,8,5,2023-01-24,10,0.9999998582495083,1
579,Scanner,4,187,2021-11-20,Manufacturer_Y,2292,3,3,2023-01-24,50,0.9586036855252653,1
580,Air Conditioner,5,149,2023-03-03,Manufacturer_Z,3970,10,1,2023-08-08,12,7.618322241312146e-05,0
581,Printer,8,168,2023-02-16,Manufacturer_Y,2977,0,2,2023-06-03,1,0.040281215466692895,0
582,Air Conditioner,6,150,2023-07-21,Manufacturer_Z,2560,4,0,2023-08-16,43,1.366891019158673e-07,0
583,Desktop Computer,5,170,2018-12-14,Manufacturer_Z,1069,8,4,2023-08-17,40,0.9999215288960562,1
584,Laptop,7,115,2018-09-18,Manufacturer_X,1197,1,2,2023-02-14,22,0.03994678047120129,0
585,Desktop Computer,8,136,2020-11-08,Manufacturer_Y,4773,3,4,2023-03-16,24,0.9999229343189601,1
586,Printer,1,181,2022-01-17,Manufacturer_Y,3385,0,4,2023-03-29,23,0.999922410637939,1
587,Desktop Computer,10,100,2021-01-07,Manufacturer_W,4342,5,4,2022-08-24,17,0.9999227720856497,1
588,Desktop Computer,7,171,2023-03-12,Manufacturer_X,2081,1,3,2023-05-28,44,0.9585628096730769,1
589,Laptop,5,190,2019-02-26,Manufacturer_W,1263,1,2,2022-12-26,47,0.039959133228103634,0
590,Conference Phone,5,164,2022-12-30,Manufacturer_W,1500,0,0,2023-07-30,26,1.359839291197654e-07,0
591,Desktop Computer,9,151,2019-03-11,Manufacturer_X,3965,10,4,2021-07-08,10,0.9999226298985823,1
592,Conference Phone,7,160,2019-04-21,Manufacturer_X,1264,1,4,2023-02-20,1,0.9999216035206956,1
593,Printer,7,108,2023-07-21,Manufacturer_Y,2233,5,0,2023-09-02,22,1.3647117359655027e-07,0
594,Air Conditioner,7,116,2020-08-30,Manufacturer_Y,2927,11,9,2021-09-10,4,1.0,1
595,Laptop,8,169,2020-10-22,Manufacturer_W,4147,2,2,2021-01-24,22,0.04050250001717799,0
596,Desktop Computer,3,145,2020-07-24,Manufacturer_W,2107,0,3,2021-05-31,46,0.958567848593264,1
597,Conference Phone,4,121,2023-08-30,Manufacturer_W,3250,5,5,2023-09-11,38,0.999999859734315,1
598,Coffee Machine,6,199,2019-02-22,Manufacturer_X,2972,9,2,2021-07-11,20,0.04028027229617432,0
599,Desktop Computer,8,165,2021-11-09,Manufacturer_X,3007,4,3,2023-06-08,46,0.9587419117913392,1
600,Desktop Computer,2,174,2018-12-17,Manufacturer_W,3532,0,4,2020-01-21,22,0.9999224662678822,1
601,Coffee Machine,4,101,2020-04-17,Manufacturer_Z,3726,1,0,2022-01-12,27,1.3746901634665763e-07,0
602,Printer,3,193,2021-08-04,Manufacturer_X,723,2,2,2021-12-21,17,0.039858172683603664,0
603,Laptop,9,160,2018-09-16,Manufacturer_Y,2927,6,3,2023-01-02,18,0.9587264678872743,1
604,Desktop Computer,10,157,2021-08-23,Manufacturer_Y,1108,3,2,2023-01-30,82,0.039930128760639935,0
605,Laptop,5,181,2021-07-11,Manufacturer_X,4365,7,5,2021-10-25,18,0.9999998604953836,1
606,Laptop,4,151,2021-09-06,Manufacturer_W,3364,10,1,2023-03-15,7,7.595829854210504e-05,0
607,Printer,4,127,2019-05-11,Manufacturer_Z,2971,1,0,2023-02-15,56,1.3696350547095287e-07,0
608,Laptop,7,103,2020-01-03,Manufacturer_Y,3231,4,3,2020-01-31,50,0.9587851253074173,1
609,Desktop Computer,9,166,2019-11-12,Manufacturer_W,1964,0,1,2021-02-28,35,7.544120816436559e-05,0
610,Desktop Computer,9,152,2020-12-29,Manufacturer_X,4551,7,5,2022-03-06,72,0.9999998606219397,1
611,Laptop,1,171,2022-10-07,Manufacturer_W,4614,9,5,2023-04-29,30,0.9999998606647794,1
612,Conference Phone,7,193,2021-02-17,Manufacturer_X,922,1,1,2021-11-20,40,7.505863133398058e-05,0
613,Desktop Computer,6,164,2021-12-30,Manufacturer_W,2838,0,5,2023-06-05,14,0.9999998594520456,1
614,Desktop Computer,7,149,2023-05-06,Manufacturer_X,4310,6,5,2023-07-09,43,0.9999998604579391,1
615,Desktop Computer,10,127,2022-05-30,Manufacturer_Y,1849,8,0,2023-08-18,23,1.3621570130761413e-07,0
616,Laptop,9,168,2022-09-26,Manufacturer_X,1033,4,0,2023-05-24,70,1.35674409487851e-07,0
617,Printer,10,136,2021-12-08,Manufacturer_Z,1980,7,2,2022-01-03,38,0.040093565202931086,0
618,Printer,1,110,2019-02-10,Manufacturer_W,587,2,2,2021-06-10,65,0.03983278415141472,0
619,Desktop Computer,1,189,2021-03-03,Manufacturer_Z,2195,8,1,2022-09-04,45,7.552628495924474e-05,0
620,Projector,2,129,2021-10-25,Manufacturer_X,593,3,2,2023-02-20,47,0.039833903906799216,0
621,Desktop Computer,2,120,2023-09-05,Manufacturer_W,1980,4,4,2023-09-16,94,0.99992187691895,1
622,Scanner,9,175,2021-09-04,Manufacturer_X,1263,1,5,2022-05-01,26,0.9999998583677357,1
623,Desktop Computer,1,146,2023-04-16,Manufacturer_W,726,2,0,2023-07-03,52,1.354713190252538e-07,0
624,Conference Phone,2,179,2022-02-25,Manufacturer_Y,2106,4,1,2023-03-04,34,7.54934950990672e-05,0
625,Air Conditioner,7,110,2021-08-17,Manufacturer_Y,7730,15,4,2022-01-10,69,0.9999240382157538,1
626,Air Conditioner,10,145,2022-08-13,Manufacturer_Z,5014,16,2,2023-08-29,29,0.04066722812458992,0
627,Desktop Computer,2,197,2019-06-18,Manufacturer_X,4617,6,0,2020-10-22,37,1.380679868239614e-07,0
628,Printer,7,182,2022-08-04,Manufacturer_Z,3008,2,2,2023-06-24,46,0.04028706359616183,0
629,Desktop Computer,2,187,2019-10-08,Manufacturer_X,4754,6,3,2022-08-27,1,0.9590777921392701,1
630,Coffee Machine,1,130,2022-11-15,Manufacturer_Z,1547,2,4,2023-03-20,76,0.9999217116958912,1
631,Scanner,4,168,2020-08-21,Manufacturer_Z,971,9,2,2021-05-18,49,0.03990450935349516,0
632,Scanner,3,150,2023-09-11,Manufacturer_W,4426,3,4,2023-09-16,38,0.9999228037309766,1
633,Laptop,3,197,2022-12-30,Manufacturer_Z,4278,2,3,2023-03-06,42,0.9589865361246447,1
634,Desktop Computer,3,144,2021-12-24,Manufacturer_W,2654,10,4,2022-02-17,43,0.9999221334086934,1
635,Desktop Computer,4,104,2021-01-21,Manufacturer_W,1564,7,1,2021-02-12,3,7.529411561168195e-05,0
636,Desktop Computer,10,127,2020-07-26,Manufacturer_X,2291,2,5,2022-03-31,31,0.9999998590764071,1
637,Laptop,8,190,2023-04-29,Manufacturer_W,3443,9,2,2023-07-17,10,0.04036921189304363,0
638,Printer,2,103,2018-09-24,Manufacturer_W,1512,7,5,2018-12-22,22,0.999999858539715,1
639,Desktop Computer,3,136,2019-04-04,Manufacturer_Y,4021,10,5,2020-05-23,17,0.9999998602610201,1
640,Laptop,2,145,2019-08-29,Manufacturer_W,976,8,5,2021-02-07,33,0.999999858169251,1
641,Printer,5,145,2021-03-20,Manufacturer_Z,1268,10,1,2022-08-23,29,7.518545177914378e-05,0
642,Desktop Computer,9,106,2019-02-02,Manufacturer_Z,1595,4,1,2019-04-03,66,7.530550502604836e-05,0
643,Air Conditioner,4,181,2021-08-27,Manufacturer_W,3129,12,1,2023-01-14,4,7.587125437309681e-05,0
644,Desktop Computer,4,125,2021-12-12,Manufacturer_X,2391,3,2,2022-10-04,24,0.04017081983497125,0
645,Laptop,7,189,2019-06-20,Manufacturer_Z,1680,0,3,2022-12-09,36,0.95848501972452,1
646,Air Conditioner,5,155,2023-04-01,Manufacturer_Z,8889,2,8,2023-08-21,7,0.9999999999999991,1
647,Desktop Computer,2,175,2021-02-21,Manufacturer_W,1879,5,0,2022-05-02,15,1.3623564284678448e-07,0
648,Desktop Computer,5,145,2020-09-12,Manufacturer_W,3253,10,4,2021-04-08,49,0.9999223606505115,1
649,Desktop Computer,8,148,2021-01-06,Manufacturer_Z,1441,8,3,2022-03-22,18,0.9584385897105935,1
650,Air Conditioner,3,182,2023-03-31,Manufacturer_X,8852,1,1,2023-05-14,17,7.801969681119726e-05,0
651,Printer,7,130,2019-01-17,Manufacturer_Z,4626,7,5,2021-02-28,82,0.999999860672938,1
652,Desktop Computer,9,125,2022-04-29,Manufacturer_X,2232,1,5,2022-09-21,8,0.9999998590358304,1
653,Desktop Computer,7,146,2022-02-28,Manufacturer_Y,2486,6,0,2023-04-24,3,1.3663975435788393e-07,0
654,Desktop Computer,2,184,2020-12-09,Manufacturer_Y,2271,2,1,2023-05-02,18,7.555429656165098e-05,0
655,Printer,3,176,2021-07-13,Manufacturer_W,2356,4,2,2022-06-28,34,0.040164235421344924,0
656,Air Conditioner,1,188,2021-01-02,Manufacturer_W,6506,4,3,2023-08-06,40,0.9594120039327514,1
657,Laptop,7,140,2018-12-04,Manufacturer_Y,2056,0,5,2023-08-08,8,0.9999998589147187,1
658,Desktop Computer,1,148,2019-10-24,Manufacturer_W,4838,5,1,2022-10-06,49,7.650655121739591e-05,0
659,Desktop Computer,1,117,2022-11-30,Manufacturer_W,4897,1,5,2023-09-11,32,0.9999998608570557,1
660,Laptop,7,167,2019-07-13,Manufacturer_Y,4579,10,4,2023-08-25,25,0.9999228613373661,1
661,Laptop,1,199,2021-07-08,Manufacturer_W,1929,10,1,2023-04-28,39,7.542832610319421e-05,0
662,Desktop Computer,4,198,2021-05-04,Manufacturer_W,2669,0,4,2023-07-22,18,0.9999221391073336,1
663,Desktop Computer,7,198,2020-05-09,Manufacturer_Z,954,2,1,2020-09-19,5,7.507035141042195e-05,0
664,Desktop Computer,9,138,2019-07-26,Manufacturer_Z,2866,3,0,2020-01-19,17,1.3689335002760105e-07,0
665,Laptop,1,115,2020-08-17,Manufacturer_X,2720,9,4,2021-06-07,26,0.999922158479591,1
666,Laptop,1,113,2022-08-13,Manufacturer_X,2631,10,4,2023-08-23,37,0.9999221246699685,1
667,Conference Phone,7,120,2021-08-25,Manufacturer_Y,4969,8,2,2022-11-04,20,0.0406586624595777,0
668,Desktop Computer,7,100,2018-12-27,Manufacturer_W,3726,1,3,2021-06-12,41,0.9588804658876293,1
669,Desktop Computer,8,138,2021-08-05,Manufacturer_Y,3927,2,0,2023-04-14,33,1.3760391025480412e-07,0
670,Laptop,3,165,2020-09-26,Manufacturer_W,4281,3,2,2022-12-08,6,0.040527917906531694,0
671,Laptop,3,103,2019-06-27,Manufacturer_X,706,3,3,2023-06-03,36,0.9582954913678235,1
672,Laptop,4,172,2021-05-03,Manufacturer_Z,3473,0,1,2021-05-04,31,7.599870611265973e-05,0
673,Printer,1,186,2018-11-29,Manufacturer_Y,3602,6,4,2020-04-04,15,0.9999224927443119,1
674,Laptop,2,146,2020-11-01,Manufacturer_W,4773,6,5,2021-02-19,36,0.9999998607728403,1
675,Projector,9,165,2020-01-24,Manufacturer_X,898,4,3,2023-05-30,89,0.9583329175685179,1
676,Desktop Computer,8,133,2021-10-26,Manufacturer_Y,2668,4,0,2021-11-20,41,1.3676115466363988e-07,0
677,Conference Phone,9,166,2020-03-13,Manufacturer_Y,3501,5,4,2021-11-11,7,0.9999224545397168,1
678,Desktop Computer,4,172,2020-10-26,Manufacturer_Y,559,9,3,2023-05-09,6,0.9582668152021144,1
679,Desktop Computer,10,102,2020-04-30,Manufacturer_Z,2304,3,2,2022-04-14,14,0.040154454773409454,0
680,Printer,4,126,2020-05-09,Manufacturer_Z,4149,6,1,2022-08-27,40,7.624978764567403e-05,0
681,Desktop Computer,10,171,2022-03-15,Manufacturer_W,3020,2,2,2023-06-06,44,0.04028932760658246,0
682,Conference Phone,10,111,2023-01-15,Manufacturer_W,726,8,1,2023-03-30,45,7.498688577791758e-05,0
683,Air Conditioner,2,120,2019-08-25,Manufacturer_Y,6671,2,3,2020-01-10,15,0.9594433443368329,1
684,Desktop Computer,4,190,2023-08-05,Manufacturer_X,3437,0,0,2023-08-09,31,1.3727529612906747e-07,0
685,Projector,8,136,2018-10-30,Manufacturer_W,580,10,0,2022-03-15,9,1.3537484198111163e-07,0
686,Desktop Computer,8,119,2020-01-27,Manufacturer_Y,1626,2,4,2023-06-08,33,0.999921741866551,1
687,Laptop,5,178,2020-03-30,Manufacturer_Z,624,8,5,2023-01-14,13,0.9999998579254339,1
688,Desktop Computer,2,135,2019-10-08,Manufacturer_Y,3197,5,3,2020-08-14,44,0.9587785689025082,1
689,Laptop,9,169,2022-12-18,Manufacturer_Z,2777,5,4,2023-03-15,4,0.9999221801252343,1
690,Scanner,2,185,2019-05-26,Manufacturer_Y,2425,7,4,2023-06-06,5,0.9999220463576507,1
691,Laptop,8,179,2019-03-31,Manufacturer_Z,1114,0,4,2019-08-08,40,0.9999215461234285,1
692,Printer,1,195,2022-08-01,Manufacturer_Y,2344,0,1,2022-08-21,29,7.558121222416941e-05,0
693,Scanner,5,112,2021-05-07,Manufacturer_W,4088,3,5,2022-06-22,30,0.9999998603066975,1
694,Conference Phone,8,156,2020-04-08,Manufacturer_W,505,6,3,2020-07-24,44,0.9582562763647843,1
695,Laptop,7,190,2022-05-06,Manufacturer_Z,4199,4,3,2022-06-09,21,0.9589713718579076,1
696,Scanner,8,178,2020-08-14,Manufacturer_W,1996,7,3,2021-05-18,56,0.9585463321880852,1
697,Desktop Computer,8,127,2021-12-30,Manufacturer_Y,1809,3,1,2022-09-15,27,7.538417573246423e-05,0
698,Desktop Computer,8,134,2018-12-11,Manufacturer_X,4404,2,1,2023-07-07,8,7.63447156616041e-05,0
699,Desktop Computer,3,178,2021-03-14,Manufacturer_X,589,4,3,2022-10-12,50,0.9582726690120833,1
700,Laptop,3,124,2022-06-03,Manufacturer_W,2791,3,4,2022-08-21,23,0.9999221854407873,1
701,Laptop,4,183,2019-03-16,Manufacturer_Z,4656,10,5,2021-08-13,4,0.9999998606933319,1
702,Air Conditioner,10,119,2021-10-27,Manufacturer_W,6319,5,9,2023-01-08,25,1.0,1
703,Desktop Computer,7,154,2020-06-08,Manufacturer_X,991,2,4,2022-01-25,31,0.9999214990263161,1
704,Air Conditioner,1,104,2022-04-08,Manufacturer_Y,4002,3,2,2022-06-04,26,0.04047501278479345,0
705,Laptop,10,158,2019-08-22,Manufacturer_Y,2401,0,3,2020-09-17,11,0.9586247863710029,1
706,Desktop Computer,6,140,2021-01-26,Manufacturer_Z,717,0,2,2022-05-29,42,0.03985705227432802,0
707,Laptop,5,109,2019-01-27,Manufacturer_Y,4569,5,1,2019-08-21,48,7.640620263358694e-05,0
708,Air Conditioner,4,197,2023-04-13,Manufacturer_W,9287,19,8,2023-04-19,33,0.9999999999999991,1
709,Laptop,7,148,2022-10-18,Manufacturer_X,3847,8,5,2023-03-09,96,0.9999998601423259,1
710,Printer,7,159,2019-04-15,Manufacturer_Y,2332,6,3,2019-12-07,28,0.9586114301505794,1
711,Conference Phone,4,131,2022-09-25,Manufacturer_W,3398,3,4,2023-07-30,48,0.9999224155592022,1
712,Printer,7,160,2021-01-15,Manufacturer_Z,1532,0,5,2023-04-03,21,0.9999998585535195,1
713,Projector,9,186,2020-05-16,Manufacturer_W,602,1,4,2021-10-25,4,0.9999213498907423,1
714,Air Conditioner,4,195,2019-12-15,Manufacturer_Z,7162,11,9,2021-12-08,27,1.0,1
715,Laptop,2,198,2022-01-24,Manufacturer_Y,1889,3,0,2022-10-20,33,1.362422906752371e-07,0
716,Desktop Computer,8,159,2023-06-08,Manufacturer_W,4105,8,2,2023-08-27,2,0.040494536359309934,0
717,Scanner,10,100,2020-05-18,Manufacturer_Y,3642,9,4,2021-05-22,21,0.999922507869641,1
718,Projector,3,198,2023-03-23,Manufacturer_Y,794,7,3,2023-06-03,13,0.9583126490328124,1
719,Laptop,7,149,2021-04-21,Manufacturer_Z,922,3,3,2022-01-03,8,0.9583375935841115,1
720,Conference Phone,2,106,2022-06-04,Manufacturer_W,1037,9,5,2022-08-29,47,0.999999858211461,1
721,Desktop Computer,10,176,2022-11-30,Manufacturer_X,3157,4,0,2023-02-15,50,1.370878690940435e-07,0
722,Desktop Computer,7,186,2021-10-18,Manufacturer_Z,2427,8,4,2022-03-09,16,0.9999220471183428,1
723,Air Conditioner,3,115,2021-08-22,Manufacturer_Z,2339,2,9,2022-07-25,16,1.0,1
724,Desktop Computer,10,157,2018-09-22,Manufacturer_W,2735,9,2,2020-06-02,37,0.04023559027487986,0
725,Desktop Computer,4,174,2019-05-29,Manufacturer_X,4620,10,3,2019-11-04,9,0.9590521220972792,1
726,Air Conditioner,6,158,2022-06-09,Manufacturer_Z,6577,6,6,2022-07-04,20,0.9999999997506952,1
727,Desktop Computer,9,110,2021-04-07,Manufacturer_Z,2077,4,4,2021-08-16,43,0.9999219138841388,1
728,Printer,4,183,2020-10-06,Manufacturer_Z,2166,7,0,2022-02-27,19,1.3642656452319503e-07,0
729,Laptop,7,134,2022-11-06,Manufacturer_Y,2591,8,4,2022-11-16,23,0.99992210946985,1
730,Laptop,2,166,2022-07-18,Manufacturer_Z,4437,6,5,2022-10-14,1,0.9999998605443868,1
731,Air Conditioner,9,112,2021-05-04,Manufacturer_Z,3375,2,0,2023-04-27,27,1.3723377235217583e-07,0
732,Printer,5,161,2021-03-24,Manufacturer_X,1296,2,4,2023-09-06,43,0.9999216157600105,1
733,Laptop,1,191,2022-11-16,Manufacturer_X,3386,3,4,2023-04-18,8,0.9999224110165089,1
734,Printer,3,119,2022-05-15,Manufacturer_Y,1069,0,3,2023-06-25,32,0.9583662232287993,1
735,Desktop Computer,8,168,2019-12-07,Manufacturer_Z,2335,1,3,2021-08-27,29,0.9586120109415874,1
736,Laptop,2,193,2018-10-24,Manufacturer_X,1708,5,0,2020-07-09,36,1.3612201516578153e-07,0
737,Desktop Computer,6,138,2023-01-29,Manufacturer_Z,4487,6,5,2023-02-11,36,0.9999998605784065,1
738,Desktop Computer,2,122,2022-10-07,Manufacturer_W,522,3,5,2023-02-13,15,0.9999998578547038,1
739,Desktop Computer,1,176,2019-08-07,Manufacturer_W,4480,8,3,2022-02-27,96,0.9590252861849281,1
740,Laptop,4,141,2020-02-05,Manufacturer_W,4734,3,3,2023-01-03,7,0.9590739617680408,1
741,Coffee Machine,8,168,2019-10-16,Manufacturer_Y,2081,1,4,2020-11-18,32,0.9999219154081008,1
742,Laptop,2,160,2023-08-01,Manufacturer_W,3301,8,4,2023-09-01,47,0.9999223788314827,1
743,Laptop,8,188,2019-09-16,Manufacturer_W,2618,7,4,2023-08-17,20,0.9999221197302554,1
744,Coffee Machine,8,126,2021-02-28,Manufacturer_Y,2560,9,4,2022-10-30,26,0.9999220976877181,1
745,Desktop Computer,1,149,2019-02-15,Manufacturer_W,3107,4,4,2021-08-19,2,0.99992230532388,1
746,Printer,1,144,2020-11-05,Manufacturer_X,4559,5,2,2021-07-18,4,0.040580699276389395,0
747,Laptop,5,138,2020-09-08,Manufacturer_Z,2987,7,4,2022-03-10,19,0.9999222598204202,1
748,Scanner,9,169,2023-07-29,Manufacturer_W,4559,4,0,2023-08-04,29,1.3802891731131048e-07,0
749,Laptop,5,113,2022-01-17,Manufacturer_W,661,4,4,2023-06-26,11,0.9999213725284894,1
750,Printer,8,183,2021-04-05,Manufacturer_Z,1626,1,4,2021-11-17,24,0.999921741866551,1
751,Desktop Computer,10,190,2019-03-02,Manufacturer_X,1666,10,3,2021-07-07,50,0.9584823013435231,1
752,Desktop Computer,3,147,2019-08-23,Manufacturer_W,2273,8,2,2022-12-02,27,0.04014862508834099,0
753,Conference Phone,1,111,2022-03-12,Manufacturer_Y,2731,7,4,2023-06-17,27,0.9999221626572891,1
754,Conference Phone,5,147,2022-07-10,Manufacturer_Z,3356,6,0,2023-07-21,15,1.3722104983830385e-07,0
755,Laptop,10,155,2022-03-12,Manufacturer_X,1015,5,0,2023-06-03,11,1.356624935059232e-07,0
756,Coffee Machine,9,117,2020-10-11,Manufacturer_Y,1960,1,3,2022-08-17,42,0.958539351598935,1
757,Printer,1,165,2022-07-12,Manufacturer_Z,954,10,4,2023-09-07,29,0.9999214848533616,1
758,Desktop Computer,10,143,2023-01-19,Manufacturer_W,805,10,2,2023-07-06,12,0.03987348796952376,0
759,Laptop,2,163,2022-06-02,Manufacturer_Z,792,8,2,2022-12-22,32,0.03987105956022086,0
760,Laptop,4,193,2019-12-12,Manufacturer_Y,1685,10,1,2020-10-15,70,7.533858082945192e-05,0
761,Air Conditioner,8,167,2021-07-06,Manufacturer_Z,4541,20,10,2022-06-30,4,1.0,1
762,Coffee Machine,2,187,2023-01-08,Manufacturer_W,3883,8,1,2023-05-09,13,7.615089046599136e-05,0
763,Laptop,7,130,2021-05-10,Manufacturer_Y,716,5,0,2022-06-20,12,1.3546470881571197e-07,0
764,Air Conditioner,10,119,2020-03-31,Manufacturer_Z,6414,8,6,2021-10-11,28,0.9999999997504969,1
765,Laptop,7,197,2021-08-13,Manufacturer_X,3161,10,4,2023-06-18,48,0.9999223257917473,1
766,Desktop Computer,9,166,2022-11-30,Manufacturer_X,3131,8,5,2023-08-09,3,0.999999859652844,1
767,Conference Phone,7,163,2023-08-04,Manufacturer_W,2065,2,4,2023-08-10,6,0.9999219093120739,1
768,Desktop Computer,4,135,2019-07-02,Manufacturer_W,2232,3,2,2020-01-12,23,0.040140916105247705,0
769,Laptop,4,174,2018-10-05,Manufacturer_X,964,7,2,2018-11-24,46,0.039903200755827054,0
770,Scanner,4,159,2020-07-08,Manufacturer_Y,4858,3,3,2022-06-19,26,0.9590977045379213,1
771,Coffee Machine,2,144,2020-12-05,Manufacturer_W,3057,1,0,2022-03-18,16,1.3702099290223328e-07,0
772,Laptop,6,119,2023-02-24,Manufacturer_W,2161,6,2,2023-06-30,91,0.040127569757375275,0
773,Projector,3,176,2022-03-17,Manufacturer_Z,853,9,1,2023-07-27,21,7.503336614465406e-05,0
774,Coffee Machine,7,137,2020-01-07,Manufacturer_Y,4016,2,0,2023-06-03,49,1.376636816715513e-07,0
775,Laptop,5,109,2021-08-07,Manufacturer_W,3123,1,2,2021-11-02,30,0.040308765376420246,0
776,Conference Phone,9,158,2019-09-26,Manufacturer_Z,2870,3,1,2021-03-19,76,7.577543612228127e-05,0
777,Desktop Computer,4,158,2019-12-06,Manufacturer_X,2318,6,1,2023-04-10,51,7.55716247247039e-05,0
778,Desktop Computer,8,182,2021-04-22,Manufacturer_Z,1859,2,3,2023-08-20,25,0.958519761164,1
779,Laptop,6,154,2020-05-05,Manufacturer_W,4810,0,4,2021-08-13,30,0.9999229482302884,1
780,Laptop,8,196,2022-04-09,Manufacturer_Y,4147,5,0,2022-11-19,22,1.3775170705994232e-07,0
781,Laptop,10,161,2020-04-30,Manufacturer_Y,3897,5,5,2022-06-02,34,0.9999998601764437,1
782,Projector,9,118,2022-06-02,Manufacturer_Y,387,0,5,2022-12-07,20,0.9999998577610365,1
783,Laptop,7,145,2022-04-02,Manufacturer_W,1534,9,3,2023-09-15,3,0.9584566625208912,1
784,Desktop Computer,6,117,2021-10-24,Manufacturer_Y,1931,0,1,2022-08-24,31,7.542906216171924e-05,0
785,Desktop Computer,1,172,2020-02-04,Manufacturer_Y,501,10,0,2021-09-16,27,1.3532266729881958e-07,0
786,Desktop Computer,3,109,2018-12-28,Manufacturer_Z,1366,5,1,2022-08-01,20,7.52214109429908e-05,0
787,Desktop Computer,6,137,2023-06-10,Manufacturer_Y,4816,8,0,2023-06-23,1,1.382021197516028e-07,0
788,Laptop,5,100,2020-01-31,Manufacturer_X,2675,2,3,2021-04-27,32,0.9586777834221091,1
789,Desktop Computer,10,132,2020-10-04,Manufacturer_W,4788,6,2,2023-05-04,21,0.0406242268986175,0
790,Desktop Computer,5,120,2018-09-29,Manufacturer_Y,2334,7,0,2021-02-01,31,1.365384476792085e-07,0
791,Air Conditioner,2,140,2021-01-16,Manufacturer_X,4674,15,6,2021-04-25,10,0.9999999997483695,1
792,Air Conditioner,3,107,2019-06-09,Manufacturer_W,7551,4,6,2022-05-06,50,0.9999999997518774,1
793,Air Conditioner,9,162,2022-12-29,Manufacturer_Z,2980,6,5,2023-03-09,10,0.9999998595493969,1
794,Desktop Computer,2,171,2022-07-16,Manufacturer_Y,4748,6,3,2023-01-03,76,0.9590766430639385,1
795,Laptop,2,158,2023-04-23,Manufacturer_Y,2967,1,1,2023-05-10,6,7.581130754139736e-05,0
796,Air Conditioner,3,145,2021-12-27,Manufacturer_W,4564,2,7,2022-04-15,37,0.9999999999995453,1
797,Air Conditioner,9,180,2019-10-28,Manufacturer_W,3646,6,2,2023-07-17,27,0.040407602655843484,0
798,Laptop,8,147,2023-04-08,Manufacturer_W,4634,7,4,2023-04-18,70,0.9999228820350404,1
799,Desktop Computer,4,167,2020-04-12,Manufacturer_W,827,6,4,2022-11-27,25,0.999921436186186,1
800,Laptop,8,177,2020-02-04,Manufacturer_X,4649,0,0,2020-11-18,38,1.3808954715077452e-07,0
801,Laptop,6,104,2021-07-29,Manufacturer_Z,4571,0,5,2023-07-05,4,0.999999860635541,1
802,Laptop,1,128,2022-03-05,Manufacturer_W,1740,1,4,2023-06-02,5,0.9999217853834663,1
803,Laptop,5,185,2019-12-07,Manufacturer_W,3629,4,3,2021-07-08,48,0.9588617996305978,1
804,Desktop Computer,4,152,2019-01-01,Manufacturer_X,2386,3,2,2021-09-11,50,0.04016987914113541,0
805,Conference Phone,10,184,2019-09-07,Manufacturer_X,1342,10,1,2023-02-27,25,7.521260302740629e-05,0
806,Desktop Computer,8,123,2018-12-26,Manufacturer_Y,3202,9,1,2023-06-18,37,7.589828294093388e-05,0
807,Conference Phone,3,162,2020-06-25,Manufacturer_X,2522,0,1,2021-10-12,33,7.564688239433207e-05,0
808,Scanner,5,164,2022-09-15,Manufacturer_Y,3893,3,4,2023-06-18,17,0.9999226027137371,1
809,Printer,9,197,2021-02-25,Manufacturer_W,4948,5,0,2021-04-01,10,1.3829116422485682e-07,0
810,Desktop Computer,1,137,2020-02-17,Manufacturer_W,2498,10,1,2021-03-10,8,7.563802466270299e-05,0
811,Air Conditioner,4,132,2022-03-25,Manufacturer_Y,9071,9,2,2022-09-28,11,0.0414466098305613,0
812,Air Conditioner,4,169,2021-05-11,Manufacturer_Y,2600,12,10,2023-06-10,20,1.0,1
813,Desktop Computer,8,140,2020-11-12,Manufacturer_Z,3430,10,3,2021-07-31,9,0.9588234795493726,1
814,Desktop Computer,10,188,2019-10-08,Manufacturer_X,568,2,3,2021-06-22,25,0.9582685714275725,1
815,Printer,1,181,2020-03-26,Manufacturer_X,3986,6,0,2021-03-17,47,1.3764353110273462e-07,0
816,Desktop Computer,9,161,2021-07-09,Manufacturer_Y,2869,4,4,2022-05-15,39,0.9999222150493657,1
817,Projector,4,112,2020-02-06,Manufacturer_W,288,9,1,2023-01-25,24,7.482680416936968e-05,0
818,Desktop Computer,10,140,2020-06-23,Manufacturer_Z,4273,1,0,2022-11-01,31,1.378364258042904e-07,0
819,Desktop Computer,7,148,2021-02-25,Manufacturer_Z,4583,0,3,2021-09-23,47,0.9590450313852125,1
820,Laptop,10,139,2020-12-19,Manufacturer_Z,2777,9,4,2021-02-22,11,0.9999221801252343,1
821,Laptop,5,165,2020-05-10,Manufacturer_X,4703,1,2,2023-05-27,25,0.04060806514212196,0
822,Air Conditioner,5,174,2019-04-07,Manufacturer_Y,3557,20,3,2019-08-25,18,0.9588479390207698,1
823,Laptop,1,104,2023-04-03,Manufacturer_W,1938,10,1,2023-07-21,11,7.543163842311738e-05,0
824,Laptop,1,117,2021-09-19,Manufacturer_W,877,10,4,2023-04-10,1,0.9999214553500905,1
825,Air Conditioner,4,193,2022-08-25,Manufacturer_X,2359,17,2,2023-09-07,24,0.04016479975913386,0
826,Desktop Computer,2,163,2022-05-22,Manufacturer_Y,3059,4,0,2023-09-09,30,1.3702233010629615e-07,0
827,Desktop Computer,3,128,2019-06-28,Manufacturer_W,2723,5,2,2020-04-26,35,0.040233329157570975,0
828,Desktop Computer,7,154,2020-09-25,Manufacturer_Z,558,6,0,2022-11-10,22,1.3536031030210214e-07,0
829,Laptop,2,142,2019-05-10,Manufacturer_W,2992,10,4,2019-10-19,37,0.9999222617169296,1
830,Laptop,4,153,2022-09-08,Manufacturer_Y,1003,8,0,2023-05-15,38,1.3565455009939584e-07,0
831,Printer,10,145,2022-07-29,Manufacturer_W,4713,3,1,2022-12-05,75,7.645990445434438e-05,0
832,Laptop,9,104,2019-02-16,Manufacturer_W,3492,7,5,2020-11-04,31,0.9999998598998495,1
833,Conference Phone,2,109,2021-05-10,Manufacturer_Y,1838,0,2,2021-08-19,13,0.0400669069272237,0
834,Conference Phone,5,159,2022-12-29,Manufacturer_W,1115,4,3,2023-07-15,40,0.9583751782987028,1
835,Desktop Computer,5,157,2021-01-17,Manufacturer_Y,4488,7,2,2023-08-09,77,0.040567212886064484,0
836,Laptop,10,136,2022-09-07,Manufacturer_X,2459,5,0,2022-10-16,34,1.3662175360412303e-07,0
837,Laptop,8,150,2020-04-06,Manufacturer_Y,4740,10,3,2021-11-10,25,0.9590751109154472,1
838,Coffee Machine,6,112,2020-07-08,Manufacturer_X,597,8,5,2022-10-14,61,0.9999998579067146,1
839,Air Conditioner,3,186,2022-02-12,Manufacturer_Z,5326,14,10,2022-06-11,17,1.0,1
840,Air Conditioner,5,159,2021-05-29,Manufacturer_Y,3842,12,1,2023-05-26,20,7.613565832832273e-05,0
841,Desktop Computer,4,144,2019-10-01,Manufacturer_W,3312,5,3,2021-12-30,16,0.9588007409572802,1
842,Desktop Computer,5,192,2022-08-16,Manufacturer_X,2245,7,3,2023-04-14,40,0.9585945838187135,1
843,Desktop Computer,2,177,2022-06-08,Manufacturer_Y,1842,7,5,2023-08-05,32,0.9999998587673176,1
844,Laptop,5,168,2021-02-19,Manufacturer_Y,4884,10,4,2022-11-07,42,0.9999229760454124,1
845,Conference Phone,4,120,2020-12-07,Manufacturer_X,1532,9,1,2021-07-27,7,7.5282360603526e-05,0
846,Laptop,7,185,2021-12-09,Manufacturer_Y,2531,7,5,2023-09-06,42,0.9999998592413446,1
847,Desktop Computer,2,133,2020-06-04,Manufacturer_X,2289,9,1,2022-06-07,44,7.556093240994987e-05,0
848,Coffee Machine,4,183,2020-06-20,Manufacturer_X,1253,8,1,2021-04-15,40,7.517994934251346e-05,0
849,Printer,6,123,2022-11-18,Manufacturer_W,3961,7,2,2022-12-11,2,0.040467243773792246,0
850,Coffee Machine,4,167,2019-11-15,Manufacturer_X,4811,5,5,2020-11-18,37,0.9999998607986537,1
851,Scanner,10,194,2021-06-28,Manufacturer_W,4371,9,3,2021-11-28,79,0.9590043808543727,1
852,Air Conditioner,5,141,2019-01-13,Manufacturer_W,9723,0,8,2023-06-18,42,0.9999999999999991,1
853,Laptop,6,106,2019-02-23,Manufacturer_Y,1544,9,2,2020-05-12,17,0.040011767011163504,0
854,Laptop,10,165,2019-11-17,Manufacturer_W,2001,7,0,2020-09-08,84,1.3631676851997788e-07,0
855,Air Conditioner,6,102,2021-05-26,Manufacturer_W,8403,9,10,2022-04-22,72,1.0,1
856,Scanner,6,131,2022-05-07,Manufacturer_Z,1234,3,0,2022-09-24,45,1.3580754240645723e-07,0
857,Laptop,2,132,2020-02-04,Manufacturer_X,2613,9,3,2020-08-04,30,0.9586657970777762,1
858,Desktop Computer,10,170,2023-02-27,Manufacturer_Y,2757,2,1,2023-06-14,6,7.573366916950385e-05,0
859,Coffee Machine,6,132,2019-06-04,Manufacturer_Z,4215,1,0,2023-09-05,8,1.377974218171472e-07,0
860,Printer,5,120,2021-12-10,Manufacturer_Y,2792,9,4,2023-08-07,39,0.9999221858204558,1
861,Laptop,6,125,2022-12-13,Manufacturer_Y,2304,8,3,2023-09-06,50,0.9586060090584402,1
862,Desktop Computer,10,137,2019-07-08,Manufacturer_Z,4079,6,0,2023-06-12,81,1.3770600746875947e-07,0
863,Desktop Computer,9,159,2023-04-20,Manufacturer_W,1677,10,0,2023-09-05,30,1.3610142614556845e-07,0
864,Desktop Computer,2,157,2021-08-13,Manufacturer_Z,3358,5,0,2023-01-17,28,1.37222388994746e-07,0
865,Laptop,5,122,2022-01-04,Manufacturer_Z,813,2,1,2022-05-19,50,7.501872355204087e-05,0
866,Desktop Computer,4,176,2019-04-02,Manufacturer_X,1959,8,2,2022-03-03,16,0.040089621711247976,0
867,Desktop Computer,8,138,2022-05-30,Manufacturer_Z,4701,0,3,2023-01-02,29,0.9590676409051192,1
868,Laptop,7,122,2021-01-18,Manufacturer_Z,4874,3,1,2021-02-15,15,7.651999076220854e-05,0
869,Coffee Machine,4,194,2018-11-06,Manufacturer_Y,1022,9,1,2020-03-16,8,7.509526264905887e-05,0
870,Conference Phone,1,151,2020-10-21,Manufacturer_X,4710,5,0,2023-04-08,35,1.3813065585031054e-07,0
871,Desktop Computer,1,140,2023-04-24,Manufacturer_W,4960,3,4,2023-08-28,10,0.9999230046018456,1
872,Projector,3,131,2022-01-01,Manufacturer_X,989,9,2,2022-01-07,51,0.03990787450779644,0
873,Desktop Computer,7,179,2022-04-01,Manufacturer_Y,3815,0,3,2022-05-18,9,0.9588975855281102,1
874,Air Conditioner,8,197,2023-01-05,Manufacturer_W,9270,6,9,2023-03-20,1,1.0,1
875,Desktop Computer,9,138,2019-08-08,Manufacturer_X,2153,5,1,2022-02-04,28,7.551080931853051e-05,0
876,Coffee Machine,1,115,2023-03-16,Manufacturer_W,640,10,0,2023-06-10,35,1.3541448176265602e-07,0
877,Desktop Computer,5,190,2020-11-09,Manufacturer_Y,2596,8,1,2023-06-07,22,7.567420026351304e-05,0
878,Coffee Machine,6,148,2022-07-12,Manufacturer_X,1830,5,5,2023-08-29,31,0.9999998587590475,1
879,Air Conditioner,3,171,2020-03-11,Manufacturer_X,6101,5,10,2023-04-10,23,1.0,1
880,Air Conditioner,7,136,2019-12-03,Manufacturer_X,8905,15,1,2021-08-08,86,7.803987494116653e-05,0
881,Desktop Computer,8,197,2020-08-02,Manufacturer_W,2363,7,0,2021-04-14,41,1.3655777012731647e-07,0
882,Laptop,1,134,2019-06-22,Manufacturer_Y,2772,8,5,2019-08-18,50,0.9999998594067749,1
883,Air Conditioner,1,170,2021-04-17,Manufacturer_X,9791,12,2,2021-11-04,6,0.041586412708736566,0
884,Printer,9,132,2022-02-23,Manufacturer_X,1782,10,0,2022-03-14,7,1.3617117574186148e-07,0
885,Laptop,6,167,2019-06-08,Manufacturer_X,4800,3,4,2021-09-03,42,0.9999229444707177,1
886,Laptop,1,181,2022-09-18,Manufacturer_X,3412,3,0,2023-07-15,30,1.3725855115917357e-07,0
887,Laptop,1,134,2020-01-17,Manufacturer_Y,4764,3,5,2023-04-18,4,0.9999998607667259,1
888,Laptop,8,150,2021-03-14,Manufacturer_W,2792,7,4,2021-06-02,3,0.9999221858204558,1
889,Conference Phone,10,162,2023-03-17,Manufacturer_Z,1760,1,5,2023-08-29,75,0.9999998587107961,1
890,Desktop Computer,3,123,2020-01-17,Manufacturer_Y,668,9,5,2022-08-04,19,0.9999998579559339,1
891,Desktop Computer,2,162,2020-12-28,Manufacturer_X,521,10,3,2022-08-22,7,0.9582593992485914,1
892,Laptop,1,170,2022-07-20,Manufacturer_X,4004,9,1,2022-11-18,88,7.619586161675688e-05,0
893,Desktop Computer,7,161,2020-12-29,Manufacturer_Y,3693,9,1,2021-05-02,99,7.608032816048063e-05,0
894,Conference Phone,3,155,2022-12-12,Manufacturer_X,4796,6,5,2022-12-28,55,0.9999998607884647,1
895,Laptop,2,169,2019-10-01,Manufacturer_W,2032,3,0,2021-09-20,10,1.3633739011654244e-07,0
896,Desktop Computer,3,176,2022-06-03,Manufacturer_Z,1201,1,0,2023-09-11,42,1.357856758030896e-07,0
897,Laptop,9,124,2019-05-10,Manufacturer_W,4944,4,1,2019-09-16,21,7.654612996864175e-05,0
898,Laptop,8,124,2022-01-17,Manufacturer_Z,4330,4,4,2022-01-27,30,0.9999227675638301,1
899,Conference Phone,7,138,2019-08-30,Manufacturer_X,1708,6,2,2020-09-02,51,0.04004251635708449,0
900,Projector,8,147,2020-04-23,Manufacturer_W,613,8,4,2022-07-31,39,0.9999213541118335,1
901,Coffee Machine,3,131,2020-09-25,Manufacturer_X,3923,4,5,2020-11-20,90,0.9999998601941817,1
902,Scanner,5,105,2019-02-09,Manufacturer_W,816,9,4,2019-10-26,5,0.9999214319694998,1
903,Scanner,7,196,2020-02-23,Manufacturer_Z,999,9,0,2021-08-10,28,1.3565190240057895e-07,0
904,Desktop Computer,4,139,2022-12-20,Manufacturer_W,1568,3,1,2023-05-18,36,7.529558511674393e-05,0
905,Laptop,4,158,2020-01-19,Manufacturer_X,4535,4,3,2021-05-19,3,0.9590358308720539,1
906,Projector,8,142,2020-09-23,Manufacturer_W,317,9,3,2021-06-08,10,0.95821956573729,1
907,Desktop Computer,6,183,2023-01-09,Manufacturer_X,2227,0,3,2023-05-21,41,0.958591097551712,1
908,Printer,2,178,2022-06-14,Manufacturer_W,2452,4,2,2022-07-29,25,0.04018229799944038,0
909,Desktop Computer,3,119,2022-09-07,Manufacturer_Z,3486,3,2,2023-04-17,5,0.04037734100875239,0
910,Desktop Computer,4,109,2019-11-01,Manufacturer_Z,2546,7,3,2022-05-30,37,0.9586528403525473,1
911,Air Conditioner,6,181,2020-02-21,Manufacturer_Y,2804,3,2,2021-10-09,38,0.04024859406225041,0
912,Coffee Machine,4,128,2019-12-11,Manufacturer_X,4394,7,3,2022-09-07,9,0.9590087929206411,1
913,Coffee Machine,4,109,2019-05-03,Manufacturer_W,4070,7,0,2022-12-20,32,1.3769996012965555e-07,0
914,Desktop Computer,5,195,2019-07-16,Manufacturer_W,2159,8,5,2019-09-23,94,0.9999998589856093,1
915,Scanner,6,148,2022-03-23,Manufacturer_X,3327,3,2,2022-10-20,20,0.04034729000421608,0
916,Projector,5,101,2021-10-26,Manufacturer_X,661,3,1,2023-02-28,10,7.496310775352814e-05,0
917,Laptop,5,129,2019-02-26,Manufacturer_Y,4462,10,1,2019-06-27,12,7.636632362262099e-05,0
918,Laptop,3,140,2020-12-22,Manufacturer_X,1698,0,3,2021-02-14,41,0.9584885145355992,1
919,Desktop Computer,5,172,2021-09-29,Manufacturer_Y,4483,8,3,2022-04-14,19,0.9590258614166736,1
920,Conference Phone,5,155,2022-06-28,Manufacturer_Z,3119,7,4,2022-09-07,5,0.9999223098727612,1
921,Desktop Computer,4,179,2021-07-13,Manufacturer_X,2535,5,0,2021-11-28,37,1.3667242845048554e-07,0
922,Desktop Computer,3,126,2019-10-25,Manufacturer_W,588,1,4,2021-12-15,47,0.999921344518117,1
923,Conference Phone,9,194,2020-03-18,Manufacturer_X,1585,5,5,2021-02-06,14,0.9999998585900949,1
924,Desktop Computer,1,133,2020-11-20,Manufacturer_X,4770,3,2,2022-02-13,10,0.040620803894980045,0
925,Coffee Machine,1,192,2019-02-16,Manufacturer_X,3422,6,5,2021-11-17,32,0.9999998598519878,1
926,Printer,3,199,2019-07-27,Manufacturer_W,666,5,5,2021-03-02,27,0.9999998579545477,1
927,Air Conditioner,5,134,2021-03-30,Manufacturer_X,4907,10,9,2023-09-16,24,1.0,1
928,Printer,4,177,2019-05-14,Manufacturer_Z,1952,4,5,2020-06-20,3,0.9999998588431037,1
929,Projector,10,149,2020-10-01,Manufacturer_W,907,5,3,2022-08-25,14,0.9583346711331905,1
930,Laptop,4,119,2018-10-07,Manufacturer_Y,2011,3,5,2020-10-15,38,0.9999998588837359,1
931,Air Conditioner,8,108,2021-02-10,Manufacturer_W,6203,16,6,2022-01-18,24,0.9999999997502398,1
932,Desktop Computer,9,134,2021-10-22,Manufacturer_Z,4989,0,1,2022-11-06,35,7.656293845878876e-05,0
933,Desktop Computer,10,135,2021-01-18,Manufacturer_W,4761,5,1,2021-12-16,11,7.647781344689668e-05,0
934,Laptop,10,191,2020-07-03,Manufacturer_W,4937,1,0,2022-08-24,20,1.3828374166130785e-07,0
935,Desktop Computer,2,109,2021-10-16,Manufacturer_Y,4471,2,0,2022-05-12,53,1.3796966054116802e-07,0
936,Laptop,9,155,2019-10-12,Manufacturer_Z,2643,9,4,2023-09-12,3,0.9999221292294255,1
937,Desktop Computer,2,113,2020-06-23,Manufacturer_X,3668,2,0,2020-11-04,46,1.3743011632645725e-07,0
938,Desktop Computer,8,100,2020-03-13,Manufacturer_Z,991,9,3,2022-04-27,44,0.9583510343331111,1
939,Desktop Computer,4,104,2021-11-30,Manufacturer_Z,3093,0,2,2023-01-07,4,0.04030310296297389,0
940,Printer,1,150,2019-11-13,Manufacturer_Y,4696,3,5,2020-03-02,4,0.9999998607205195,1
941,Projector,3,157,2019-09-05,Manufacturer_Y,190,6,5,2022-06-21,21,0.9999998576242412,1
942,Projector,10,148,2019-11-15,Manufacturer_X,465,1,1,2023-08-08,27,7.489145349781218e-05,0
943,Projector,4,121,2019-11-07,Manufacturer_Y,728,3,4,2022-01-01,2,0.9999213982278612,1
944,Desktop Computer,8,175,2022-03-01,Manufacturer_Y,1699,5,2,2023-05-25,11,0.040040828305868234,0
945,Desktop Computer,10,183,2022-01-14,Manufacturer_Z,1256,3,2,2023-01-13,40,0.039957822913693465,0
946,Laptop,10,194,2021-02-01,Manufacturer_X,731,3,4,2021-09-14,46,0.9999213993783828,1
947,Desktop Computer,1,121,2022-01-11,Manufacturer_W,2966,7,4,2022-10-17,18,0.9999222518545754,1
948,Air Conditioner,9,169,2019-05-21,Manufacturer_X,4098,15,8,2021-09-10,22,0.9999999999999991,1
949,Laptop,5,192,2021-12-11,Manufacturer_W,3333,10,3,2023-01-23,8,0.9588047885347097,1
950,Laptop,9,115,2019-01-31,Manufacturer_W,4869,8,5,2023-07-04,15,0.9999998608380438,1
951,Projector,6,166,2021-10-22,Manufacturer_Y,456,7,3,2022-11-19,24,0.9582467111429579,1
952,Laptop,9,149,2019-04-26,Manufacturer_Y,503,6,5,2023-06-14,72,0.9999998578415248,1
953,Laptop,5,169,2021-02-12,Manufacturer_W,752,6,5,2023-01-12,42,0.9999998580141432,1
954,Desktop Computer,5,193,2022-06-23,Manufacturer_X,3892,5,4,2023-07-28,45,0.9999226023361025,1
955,Desktop Computer,9,148,2020-09-04,Manufacturer_X,897,6,0,2023-07-11,36,1.3558440353854525e-07,0
956,Laptop,5,193,2021-06-13,Manufacturer_W,3141,9,0,2023-02-24,36,1.370771667103308e-07,0
957,Desktop Computer,1,105,2023-05-26,Manufacturer_W,2133,7,2,2023-08-19,40,0.04012230757806636,0
958,Air Conditioner,10,108,2021-08-13,Manufacturer_X,5059,5,10,2022-01-14,30,1.0,1
959,Coffee Machine,8,172,2021-06-29,Manufacturer_Z,3512,5,0,2022-07-22,9,1.373255432966432e-07,0
960,Desktop Computer,6,115,2020-07-26,Manufacturer_Y,576,0,2,2023-05-23,3,0.039830731344904065,0
961,Air Conditioner,4,157,2019-06-09,Manufacturer_W,3959,18,8,2019-08-06,5,0.9999999999999991,1
962,Laptop,2,127,2020-12-13,Manufacturer_W,3761,1,5,2022-04-06,85,0.9999998600836237,1
963,Coffee Machine,4,110,2020-10-11,Manufacturer_X,4157,2,1,2023-03-24,73,7.625276398543867e-05,0
964,Coffee Machine,6,139,2019-08-13,Manufacturer_Y,2449,10,4,2022-04-05,36,0.9999220554854671,1
965,Scanner,4,185,2019-08-04,Manufacturer_Y,4974,1,3,2019-10-09,77,0.9591199035777825,1
966,Desktop Computer,2,172,2021-04-07,Manufacturer_Y,3982,2,4,2022-07-30,31,0.9999226363158327,1
967,Coffee Machine,8,147,2021-10-23,Manufacturer_X,1524,0,2,2022-06-19,27,0.04000801863935477,0
968,Printer,2,155,2022-09-23,Manufacturer_Y,1665,2,4,2023-09-02,63,0.9999217567566404,1
969,Laptop,10,193,2020-04-10,Manufacturer_Z,1802,0,5,2021-04-11,44,0.999999858739749,1
970,Projector,2,137,2022-06-03,Manufacturer_Y,498,6,3,2022-06-13,32,0.9582549100328505,1
971,Laptop,8,110,2023-05-28,Manufacturer_W,4755,10,4,2023-08-21,11,0.9999229275503788,1
972,Desktop Computer,7,172,2019-06-29,Manufacturer_Z,692,9,0,2020-12-05,20,1.3544884562874282e-07,0
973,Desktop Computer,7,128,2022-08-30,Manufacturer_W,1582,6,2,2023-03-14,7,0.04001888984481345,0
974,Desktop Computer,9,168,2020-09-14,Manufacturer_X,771,2,1,2022-02-23,5,7.500335190490714e-05,0
975,Laptop,2,143,2020-10-10,Manufacturer_W,4006,6,5,2023-03-18,15,0.9999998602507918,1
976,Projector,1,190,2020-01-09,Manufacturer_X,566,6,3,2022-06-17,2,0.9582681811613575,1
977,Coffee Machine,6,198,2022-04-21,Manufacturer_W,4780,3,5,2022-05-22,29,0.9999998607775958,1
978,Desktop Computer,3,142,2018-11-13,Manufacturer_Z,1541,10,1,2020-09-20,68,7.528566651407945e-05,0
979,Coffee Machine,4,189,2021-09-21,Manufacturer_X,607,8,2,2022-05-17,27,0.03983651678669957,0
980,Scanner,1,106,2021-05-09,Manufacturer_Y,2359,0,2,2021-11-20,32,0.04016479975913386,0
981,Desktop Computer,3,170,2019-09-18,Manufacturer_Y,4669,3,5,2022-08-24,46,0.9999998607021684,1
982,Laptop,10,181,2018-10-11,Manufacturer_Z,1621,5,5,2019-07-06,17,0.9999998586149332,1
983,Projector,1,169,2019-05-11,Manufacturer_W,757,9,2,2020-08-26,28,0.03986452223973821,0
984,Desktop Computer,7,162,2021-05-03,Manufacturer_W,4642,1,3,2022-05-13,84,0.9590563376391907,1
985,Printer,9,109,2021-06-25,Manufacturer_X,3672,1,5,2022-01-18,33,0.9999998600228477,1
986,Laptop,3,149,2022-06-22,Manufacturer_X,1555,8,4,2023-02-28,40,0.9999217147516772,1
987,Printer,2,178,2022-03-31,Manufacturer_W,2484,8,5,2022-09-23,6,0.9999998592090596,1
988,Laptop,7,120,2020-09-15,Manufacturer_W,985,3,4,2021-09-04,25,0.9999214967281729,1
989,Laptop,8,149,2020-10-12,Manufacturer_X,4356,1,5,2021-02-19,49,0.9999998604892572,1
990,Desktop Computer,6,112,2020-03-31,Manufacturer_Z,1260,6,1,2021-09-30,3,7.518251709616317e-05,0
991,Printer,3,115,2022-04-03,Manufacturer_Y,1902,8,0,2022-09-15,34,1.362509333371925e-07,0
992,Coffee Machine,1,131,2020-10-09,Manufacturer_Z,3198,2,4,2022-09-19,37,0.9999223398129138,1
993,Coffee Machine,6,166,2023-02-19,Manufacturer_Y,3168,3,0,2023-07-10,47,1.3709522746755268e-07,0
994,Desktop Computer,1,161,2022-11-02,Manufacturer_X,4372,6,2,2023-01-28,4,0.04054518801866694,0
995,Laptop,10,175,2018-11-30,Manufacturer_X,2346,0,2,2023-06-07,8,0.040162354350251936,0
996,Desktop Computer,1,120,2020-06-17,Manufacturer_W,3427,0,3,2022-01-05,30,0.9588229015984007,1
997,Conference Phone,6,192,2021-08-16,Manufacturer_Y,3998,9,2,2022-02-09,25,0.040474254769616,0
998,Desktop Computer,4,179,2022-08-04,Manufacturer_Y,2830,0,3,2022-12-08,50,0.9587077347331124,1
999,Projector,1,155,2021-03-05,Manufacturer_Z,348,3,4,2022-08-22,4,0.9999212523588776,1
1000,Desktop Computer,6,151,2019-12-12,Manufacturer_Y,3354,0,3,2023-05-26,33,0.9588088357315732,1
